views,likes,media,comments,url,caption,post_datetime
na,"1,735",image,29,https://www.instagram.com/p/BeP2ZPHg2SL/?taken-by=meizuofficial,"More Compact, More Fun - the Meizu M6S
official twitter @meizuofficial
official instagram @meizulab",
"6,547",na,video,41,https://www.instagram.com/p/BeP3_wzADX_/?taken-by=meizuofficial,"In case you somehow missed this today, the new M6s.

official twitter @meizuofficial
official instagram @meizulab 
official fb @meizuofficial",
na,"1,484",image,16,https://www.instagram.com/p/Be-GdK6AtvC/?taken-by=meizuofficial,"Bass+ System brings a new dimension of low frequency sound to the Meizu Flow Bass earphones!

official instagram @meizulab 
official twitter @meizuofficial
official facebook @meizuofficial",
"6,475",na,video,21,https://www.instagram.com/p/BfGZ4scgKPJ/?taken-by=meizuofficial,"Music Only

official instagram @meizulab 
official fb @meizuofficial 
official twitter @meizuofficial",
na,"1,965",image,19,https://www.instagram.com/p/BfiZ57BgZIp/?taken-by=meizuofficial,"Meizu M3 Note
photo by @vova_popyk 
Thank You!",
na,"1,038",image,16,https://www.instagram.com/p/BfiafafAJ4R/?taken-by=meizuofficial,"Meizu Watch
photo by @uptime.mensup 
Thank you!",
na,"1,063",image,13,https://www.instagram.com/p/Bfp6Xj7A3HV/?taken-by=meizuofficial,"Meizu Earphones EP51
photo by @enabloostudio 
Thank you!",
na,"1,285",image,6,https://www.instagram.com/p/Bfp6pbmAp58/?taken-by=meizuofficial,"Meizu Phone
photo by @ruben_costa 
Thank you!",
na,"1,233",image,2,https://www.instagram.com/p/Bf9FVOnAAw3/?taken-by=meizuofficial,"Meizu Phone
photo by @yniloegovno 
Thank you!",
na,"2,544",image,54,https://www.instagram.com/p/Bf-UaLRAB5p/?taken-by=meizuofficial,"Meizu M6s
photo by @andrey_koftun 
Thank you!",
na,"1,307",image,11,https://www.instagram.com/p/BgGMciLH-92/?taken-by=meizuofficial,"photo by @shurkova_a.r.i.n.a_ 
Thank you!",
na,"1,262",image,5,https://www.instagram.com/p/BgRqXaunqM2/?taken-by=meizuofficial,"Photo captured on Meizu Pro 6 Plus
photo by @alexteam 
Thank you!",
na,"1,176",image,21,https://www.instagram.com/p/Bby7D8Bglac/?taken-by=meizuofficial,"With 1.4Œºm pixels, Dual PD and Arcsoft image processing algorithms, the Meizu M6 Note delivers flagship camera performance!",
na,532,image,2,https://www.instagram.com/p/Bby7K_1gWUr/?taken-by=meizuofficial,"With 1.4Œºm pixels, Dual PD and Arcsoft image processing algorithms, the Meizu M6 Note delivers flagship camera performance!",
na,"1,562",image,8,https://www.instagram.com/p/Bb5Ie34A3ql/?taken-by=meizuofficial,"Meizu Pro 7
photo by @wisebuyisrael 
Thank you",
na,535,image,1,https://www.instagram.com/p/Bb5Ip2ZAG3F/?taken-by=meizuofficial,"Fighting for Instagram likes? Use MEIZU PRO7 fen√™tre display ""selfie mode"" to get the best shot. Enjoy better selfies with MEIZU PRO7 12-megapixel f/2.0 dual camera. P.S.  Done forget to try portrait background blurring mode #meizu #meizupro7",
na,"1,940",image,22,https://www.instagram.com/p/Bb72y9MABzB/?taken-by=meizuofficial,"Meizu Pro 7
photo by @meltystyle 
Thank you",
na,"1,282",image,10,https://www.instagram.com/p/BcDDdn1g6Xf/?taken-by=meizuofficial,"Meizu Pro 6 Plus
photo by @gadgetmatch 
Thank you!",
na,"1,377",image,12,https://www.instagram.com/p/BcF8uMhAJFk/?taken-by=meizuofficial,"Meizu Pro 6 Plus
photo by @fontech.sk 
Thank You!",
na,826,image,7,https://www.instagram.com/p/BcPyvPTgjKZ/?taken-by=meizuofficial,"Meizu EP52
photo by @rocking.ron 
Thank you!",
na,1387,image,39,https://www.instagram.com/p/BcdKamYAR62/?taken-by=meizuofficial,"Meizu M5
photo by @ajdarakberov 
Thank you!",2017-12-08T21:04:16.000Z
na,883,image,18,https://www.instagram.com/p/Bc-l5XfAb5I/?taken-by=meizuofficial,"Meizu phone
photo by @andrewwhite 
Thank you!",2017-12-21T20:39:20.000Z
na,1707,image,27,https://www.instagram.com/p/Bd0s5SjgtY5/?taken-by=meizuofficial,"Meizu Phone
photo by @lavka_stiker 
Thank You!",2018-01-11T20:59:29.000Z
na,1401,image,20,https://www.instagram.com/p/BeP0bYzACER/?taken-by=meizuofficial,"Meizu M5S
photo by @akillitelefonlarcom 
Thank You!",2018-01-22T09:44:48.000Z
na,760,image,6,https://www.instagram.com/p/BXi3vltgT2V/?taken-by=meizuofficial,The rear display of the Meizu PRO 7 combines stunning AMOLED technology with a matching UI.,2017-08-08T19:39:35.000Z
na,569,image,2,https://www.instagram.com/p/BXw_H4Qg6n2/?taken-by=meizuofficial,"@ArdCB @meizuofficial Yo, even this box is hot!  Looking forward to spending some quality time with the Meizu Pro 7 Plus.",2017-08-14T07:13:26.000Z
na,748,image,11,https://www.instagram.com/p/BX0924YgDCH/?taken-by=meizuofficial,"The rear display of the Meizu PRO 7 shows you the other side of things, allowing a new form of communication between you and other people.",2017-08-15T20:19:20.000Z
na,701,image,2,https://www.instagram.com/p/BYAeLcFA1wm/?taken-by=meizuofficial,"The Meizu PRO 7 comes with a built-in 4G & WiFi signal amplifier, which significantly improves its reception.",2017-08-20T07:33:25.000Z
na,232,image,0,https://www.instagram.com/p/BYEGRqHgARn/?taken-by=meizuofficial,This picture was captured with the Meizu PRO 7!,2017-08-21T17:21:30.000Z
na,256,image,2,https://www.instagram.com/p/BYJMMNugLq8/?taken-by=meizuofficial,The Meizu EP52.,2017-08-23T16:49:24.000Z
na,363,image,2,https://www.instagram.com/p/BYJMPh7gwJf/?taken-by=meizuofficial,The Meizu EP52.,2017-08-23T16:49:51.000Z
na,699,image,7,https://www.instagram.com/p/BYcojmlg04Q/?taken-by=meizuofficial,"The rear display of the Meizu PRO 7 comes with a wide variety of customizable wallpapers, offering a suitable choice for every taste.",2017-08-31T06:02:50.000Z
na,535,image,7,https://www.instagram.com/p/BYgKHOtgUNQ/?taken-by=meizuofficial,The Meizu sports a crystal clear 5-inch HD display with GFF full lamination!,2017-09-01T14:53:46.000Z
na,743,image,6,https://www.instagram.com/p/BYrAYYGAH1S/?taken-by=meizuofficial,"With its enhanced antenna lines and smooth brushed metal body, the Meizu PRO 7 is a true feast for the eyes.",2017-09-05T20:00:23.000Z
na,344,image,5,https://www.instagram.com/p/BYrAcyHg3Y6/?taken-by=meizuofficial,This picture was captured with the Meizu M6 Note!,2017-09-05T20:00:59.000Z
na,1069,image,33,https://www.instagram.com/p/BZ0r1Q7gKFz/?taken-by=meizuofficial,"Amber gold, crystal silver or space black. What's your favorite brushed Meizu PRO 7 Plus color?",2017-10-04T10:44:37.000Z
na,349,image,1,https://www.instagram.com/p/BXAo4RBAU62/?taken-by=meizuofficial,Are you ready? Our cake is.,2017-07-26T12:35:31.000Z
na,605,image,3,https://www.instagram.com/p/BXApBepA460/?taken-by=meizuofficial,Introducing the Meizu PRO 7 and PRO 7 Plus!,2017-07-26T12:36:47.000Z
na,446,image,1,https://www.instagram.com/p/BXApFa-gtlG/?taken-by=meizuofficial,In silver...,2017-07-26T12:37:19.000Z
na,738,image,20,https://www.instagram.com/p/BXApJhRgnp9/?taken-by=meizuofficial,In gold...,2017-07-26T12:37:52.000Z
na,432,image,4,https://www.instagram.com/p/BXApM3Rg3w2/?taken-by=meizuofficial,And in red!,2017-07-26T12:38:20.000Z
na,288,image,2,https://www.instagram.com/p/BXA9jCdga0k/?taken-by=meizuofficial,The screen of the Meizu PRO 7 is an absolute beauty to look at.,2017-07-26T15:36:07.000Z
na,404,image,8,https://www.instagram.com/p/BXA9vw0gTuL/?taken-by=meizuofficial,The Meizu PRO 7 comes with Android 7.0!,2017-07-26T15:37:51.000Z
na,615,image,11,https://www.instagram.com/p/BXA93sbgotO/?taken-by=meizuofficial,The Meizu PRO 7.,2017-07-26T15:38:56.000Z
na,479,image,9,https://www.instagram.com/p/BXA99Bagw3Q/?taken-by=meizuofficial,The Meizu PRO 7 Plus.,2017-07-26T15:39:40.000Z
na,377,image,6,https://www.instagram.com/p/BXBa8VpAbCn/?taken-by=meizuofficial,Meet the Meizu PRO 7.,2017-07-26T19:52:59.000Z
na,710,image,9,https://www.instagram.com/p/BXOVLzaA83R/?taken-by=meizuofficial,The Meizu PRO 7 features a revolutionary rear display! What's the first thing you'd do with it?,2017-07-31T20:12:47.000Z
na,355,image,0,https://www.instagram.com/p/BXi3sSigFKR/?taken-by=meizuofficial,"No matter what you're doing, the rear display of the Meizu PRO 7 keeps you informed.",2017-08-08T19:39:08.000Z
na,255,image,7,https://www.instagram.com/p/BT1OIvTljmN/?taken-by=meizuofficial,Have a guess! Which device did we use to capture this great night shot?,2017-05-08T12:36:01.000Z
na,320,image,1,https://www.instagram.com/p/BUGiJ1DlLZp/?taken-by=meizuofficial,The picture was captured with the Meizu MX6!,2017-05-15T05:58:01.000Z
na,289,image,1,https://www.instagram.com/p/BUXWFaKlDIA/?taken-by=meizuofficial,This lake was captured with the Meizu MX6!,2017-05-21T18:39:38.000Z
na,381,image,20,https://www.instagram.com/p/BU2Z1UrFZfU/?taken-by=meizuofficial,Can you guess which Meizu phone was used to capture this picture?,2017-06-02T20:08:51.000Z
na,518,image,9,https://www.instagram.com/p/BVjYoorg7h0/?taken-by=meizuofficial,Sleek. Stylish. Streamlined. The Meizu M5 looks and feels amazing your hand.,2017-06-20T07:24:12.000Z
na,208,image,0,https://www.instagram.com/p/BVnUBPdFPeU/?taken-by=meizuofficial,This picture was captured with the Meizu MX6!,2017-06-21T20:00:50.000Z
na,298,image,3,https://www.instagram.com/p/BVxvTnhAscg/?taken-by=meizuofficial,This picture was captured with the Meizu M5 Note!,2017-06-25T21:11:41.000Z
na,478,image,1,https://www.instagram.com/p/BWaegb1A9BN/?taken-by=meizuofficial,Amazing power and long-lasting endurance. The Meizu PRO 6 Plus combines a @SamsungExynos 8 processor with a large battery.,2017-07-11T16:53:45.000Z
na,232,image,2,https://www.instagram.com/p/BWcNXf9g2nG/?taken-by=meizuofficial,"The front camera of the Meizu MX6 has a large ∆í/2.0 aperture, allowing you to take great selfies in any lighting condition.",2017-07-12T09:02:27.000Z
na,584,image,5,https://www.instagram.com/p/BWqBD0_AeXX/?taken-by=meizuofficial,Once you go black...,2017-07-17T17:44:17.000Z
na,538,image,14,https://www.instagram.com/p/BWqBK8rgUgC/?taken-by=meizuofficial,Here's what you've been waiting for! The Meizu PRO 7 will be unveiled on July 26.,2017-07-17T17:45:15.000Z
na,315,image,0,https://www.instagram.com/p/BXAbKAeg6Hp/?taken-by=meizuofficial,Just 1 hour left until the Meizu PRO 7 launch! Stay tuned for live updates.,2017-07-26T10:35:36.000Z
na,205,image,0,https://www.instagram.com/p/BQOZnWDBWX6/?taken-by=meizuofficial,This ant was captured with the Meizu MX6!,2017-02-07T21:11:45.000Z
1486,187,video,5,https://www.instagram.com/p/BQYVqx8gGho/?taken-by=meizuofficial,M5,2017-02-11T17:49:40.000Z
na,238,image,0,https://www.instagram.com/p/BQdS4uQArdW/?taken-by=meizuofficial,This valley was captured by the Meizu MX6!,2017-02-13T16:01:33.000Z
na,149,image,0,https://www.instagram.com/p/BQ09TT3lzOg/?taken-by=meizuofficial,This landscape was captured with the Meizu M3s!,2017-02-22T20:34:43.000Z
na,238,image,0,https://www.instagram.com/p/BROP06ahw0d/?taken-by=meizuofficial,This picture was captured with the Meizu MX6!,2017-03-04T16:17:37.000Z
na,222,image,3,https://www.instagram.com/p/BRjT5qvl8B-/?taken-by=meizuofficial,This picture is captured with the Meizu PRO 6 Plus!,2017-03-12T20:37:16.000Z
na,203,image,0,https://www.instagram.com/p/BRwEMmMFu7P/?taken-by=meizuofficial,These hills were captured with the Meizu MX6!,2017-03-17T19:30:10.000Z
na,225,image,2,https://www.instagram.com/p/BSMeEXlBOTl/?taken-by=meizuofficial,This picture was captured with the Meizu PRO 6 Plus!,2017-03-28T20:14:58.000Z
na,364,image,4,https://www.instagram.com/p/BS1onSuFbWD/?taken-by=meizuofficial,"Check out the Meizu M5s review from @Forbes! 
https://t.co/oUaUy6Oj1c",2017-04-13T19:55:59.000Z
na,205,image,5,https://www.instagram.com/p/BS6jLsklHCW/?taken-by=meizuofficial,This picture was captured with the Meizu MX6!,2017-04-15T17:44:43.000Z
na,309,image,4,https://www.instagram.com/p/BTdnv99lKwO/?taken-by=meizuofficial,This picture was captured with the Meizu PRO 6 Plus!,2017-04-29T08:38:03.000Z
na,333,image,0,https://www.instagram.com/p/BTuM08qln8W/?taken-by=meizuofficial,This butterfly was captured with the Meizu MX6.,2017-05-05T19:09:53.000Z
na,231,image,0,https://www.instagram.com/p/BOSfq9LByQ4/?taken-by=meizuofficial,mCharge technology charges your Meizu phone fast and safe without decreasing its battery lifespan.,2016-12-21T18:18:50.000Z
na,302,image,5,https://www.instagram.com/p/BOdKj-Whbnf/?taken-by=meizuofficial,We chose expensive full CNC processing to create a solid frame for the Meizu PRO 6 with a thickness of just 7.25 mm.,2016-12-25T21:46:02.000Z
na,177,image,0,https://www.instagram.com/p/BOfkXIwBhbC/?taken-by=meizuofficial,This picture was captured with the Meizu MX6. Merry Christmas!,2016-12-26T20:09:57.000Z
na,158,image,4,https://www.instagram.com/p/BOm7DJ2ha0L/?taken-by=meizuofficial,The large 3070mAh battery of the Meizu M5 allows for up to 66 hours of continuous music playback!,2016-12-29T16:42:53.000Z
na,305,image,23,https://www.instagram.com/p/BOm7GIgBHBg/?taken-by=meizuofficial,"Rose gold, gray, silver or champagne gold. What's your favorite Meizu MX6 color?",2016-12-29T16:43:17.000Z
na,291,image,6,https://www.instagram.com/p/BOofp1qBlQf/?taken-by=meizuofficial,Attractive colors and a stylish shape. The all-new Meizu M5.,2016-12-30T07:21:59.000Z
na,259,image,3,https://www.instagram.com/p/BOu7rVghE-U/?taken-by=meizuofficial,"Let's kick off the year with @Forbes' review of the Meizu PRO 6 Plus!
https://t.co/kDxAE9fvUf",2017-01-01T19:22:18.000Z
na,167,image,1,https://www.instagram.com/p/BPIuxLkhjpf/?taken-by=meizuofficial,This flower was captured with the Meizu PRO 6 Plus!,2017-01-11T19:49:45.000Z
na,175,image,9,https://www.instagram.com/p/BPZn5f2hrMn/?taken-by=meizuofficial,This picture was captured with the Meizu MX6!,2017-01-18T09:16:48.000Z
na,243,image,0,https://www.instagram.com/p/BPp9uGSBL2c/?taken-by=meizuofficial,"Meizu?üòÄ
thnx for foto @ilyasa3",2017-01-24T17:35:20.000Z
na,164,image,0,https://www.instagram.com/p/BP3EC3QBARp/?taken-by=meizuofficial,This picture was captured with the Meizu PRO 6 Plus!,2017-01-29T19:40:44.000Z
1398,222,video,7,https://www.instagram.com/p/BQGeLErgv55/?taken-by=meizuofficial,Meizu Pro 6 Plus,2017-02-04T19:17:39.000Z
na,203,image,0,https://www.instagram.com/p/BNsCclfhPEY/?taken-by=meizuofficial,"The Meizu M5 Note's body is stronger than before and comes in Champagne Gold, Silver, Blue and Grey!",2016-12-06T19:52:20.000Z
na,233,image,1,https://www.instagram.com/p/BNsX1PNBRje/?taken-by=meizuofficial,The Meizu M5 Note in Silver and Grey.,2016-12-06T22:59:12.000Z
na,178,image,2,https://www.instagram.com/p/BNsX7phhpG9/?taken-by=meizuofficial,"The Meizu M5 Note comes with Flyme OS 6 and our new AI engine, One Mind!",2016-12-06T23:00:04.000Z
na,262,image,4,https://www.instagram.com/p/BNul88thRjf/?taken-by=meizuofficial,"More Performance, More Beauty - the Meizu M5 Note",2016-12-07T19:41:04.000Z
na,242,image,5,https://www.instagram.com/p/BN1U43SB1k4/?taken-by=meizuofficial,The Meizu PRO 6 Plus has an exquisite micro-arc design and a redesigned body curve.,2016-12-10T10:26:39.000Z
na,179,image,0,https://www.instagram.com/p/BN1U7zzhHIt/?taken-by=meizuofficial,The fully laminated 5.5-inch 1080p display of the Meizu U20 renders images with vivid colors and crisp details.,2016-12-10T10:27:03.000Z
na,231,image,1,https://www.instagram.com/p/BN7oI9qhYMw/?taken-by=meizuofficial,The Meizu M5 Note supports MicroSD cards with a capacity of up to 128GB!,2016-12-12T21:10:19.000Z
na,338,image,6,https://www.instagram.com/p/BOA6yXVhcSN/?taken-by=meizuofficial,The Meizu M5 is the first device in our M-series to also be available in matte black.,2016-12-14T22:29:27.000Z
na,245,image,0,https://www.instagram.com/p/BOIiR1Sh4hr/?taken-by=meizuofficial,The 3D nano-molded structure of the Meizu MX6's metal body allows for a precisely integrated antenna with minimal margins.,2016-12-17T21:29:13.000Z
na,175,image,2,https://www.instagram.com/p/BOIiWb7hz9p/?taken-by=meizuofficial,4 Samsung M1 cores and 4 ARM Cortex-A53 cores provide the @SamsungExynos 8890 SoC with unparalleled performance and efficiency!,2016-12-17T21:29:51.000Z
na,112,image,0,https://www.instagram.com/p/BORYYmoBOzG/?taken-by=meizuofficial,This picture was captured by the Meizu PRO 6 Plus!,2016-12-21T07:55:56.000Z
na,198,image,2,https://www.instagram.com/p/BORYc9PhlrA/?taken-by=meizuofficial,The Meizu M3 Max features a natural dual LED flash for stunning photos under all lighting conditions!,2016-12-21T07:56:31.000Z
na,259,image,34,https://www.instagram.com/p/BNbcY6ih_Yp/?taken-by=meizuofficial,Flyme OS 6 will come to all of these devices!,2016-11-30T09:11:56.000Z
na,179,image,0,https://www.instagram.com/p/BNcqWCYBwKv/?taken-by=meizuofficial,The Meizu PRO 6 Plus comes in three stunning colors!,2016-11-30T20:33:07.000Z
na,258,image,0,https://www.instagram.com/p/BNcqcy5hX43/?taken-by=meizuofficial,"Meizu PRO 6 Plus Is Official With Exynos 8890 SoC, QHD Panel https://t.co/GxTPBzWpZb #android #google #smartphones",2016-11-30T20:34:02.000Z
na,177,image,0,https://www.instagram.com/p/BNcqooxBJA6/?taken-by=meizuofficial,"The new @Meizu #PRO6Plus breaks new grounds with #Exynos8890 https://t.co/qZwwMqhVIa
@SamsungExynos",2016-11-30T20:35:39.000Z
na,266,image,0,https://www.instagram.com/p/BNcq17cBAFD/?taken-by=meizuofficial,"@androidcentral
http://www.androidcentral.com/meizu-pro-6-plus-qhd-display-exynos-8890",2016-11-30T20:37:28.000Z
na,247,image,3,https://www.instagram.com/p/BNmfz9hBdSh/?taken-by=meizuofficial,Stronger Than Ever - the Meizu PRO 6 Plus.,2016-12-04T16:13:29.000Z
na,153,image,3,https://www.instagram.com/p/BNmf32Hhsw1/?taken-by=meizuofficial,Are you ready for the Meizu M5 Note?,2016-12-04T16:14:01.000Z
na,352,image,5,https://www.instagram.com/p/BNmf7KhhUFx/?taken-by=meizuofficial,"A Samsung Exynos 8890 octa-core SoC, 4GB of LPDDR4 RAM and UFS 2.0 internal storage make the Meizu PRO 6 Plus stronger than ever!",2016-12-04T16:14:28.000Z
na,200,image,2,https://www.instagram.com/p/BNpqP33BzuY/?taken-by=meizuofficial,The integrated blue light filter of the Meizu M5 automatically adjusts blue light emission to reduce eye strain.,2016-12-05T21:42:24.000Z
na,140,image,0,https://www.instagram.com/p/BNpqTRIBfKE/?taken-by=meizuofficial,This picture was captured with the Meizu PRO 6 Plus!,2016-12-05T21:42:52.000Z
na,165,image,0,https://www.instagram.com/p/BNpqXHWBfyi/?taken-by=meizuofficial,Just 24 hours left until the Meizu M5 Note launch kicks off!,2016-12-05T21:43:23.000Z
na,168,image,0,https://www.instagram.com/p/BNsCZish5kV/?taken-by=meizuofficial,Introducing the Meizu M5 Note!,2016-12-06T19:51:55.000Z
na,171,image,0,https://www.instagram.com/p/BNP3ho4hiPl/?taken-by=meizuofficial,The high-precision 5.5-inch screen of the Meizu MX6 displays colors with unparalleled clarity.,2016-11-25T21:18:10.000Z
na,109,image,2,https://www.instagram.com/p/BNXbxUahIyK/?taken-by=meizuofficial,This picture was captured with the Meizu PRO 6!,2016-11-28T19:49:34.000Z
na,129,image,8,https://www.instagram.com/p/BNXb82JBeKk/?taken-by=meizuofficial,2 days left.,2016-11-28T19:51:08.000Z
na,86,image,0,https://www.instagram.com/p/BNXcAhhB8aJ/?taken-by=meizuofficial,Join us for our Reddit AMA this Wednesday at 11AM EST!,2016-11-28T19:51:38.000Z
na,172,image,5,https://www.instagram.com/p/BNbRHgjhM7y/?taken-by=meizuofficial,Are you ready?,2016-11-30T07:33:26.000Z
na,147,image,4,https://www.instagram.com/p/BNbRLKUhenz/?taken-by=meizuofficial,Introducing Flyme OS 6!,2016-11-30T07:33:56.000Z
na,101,image,5,https://www.instagram.com/p/BNbRO4yhmLp/?taken-by=meizuofficial,Flyme OS 6 comes with over 400 new features!,2016-11-30T07:34:27.000Z
na,87,image,1,https://www.instagram.com/p/BNbcE8kh0UR/?taken-by=meizuofficial,"In 2007, we switched from MP3 players to smartphones...",2016-11-30T09:09:12.000Z
na,143,image,3,https://www.instagram.com/p/BNbcIEBBeNZ/?taken-by=meizuofficial,"Today, we are announcing the Meizu PRO 6 Plus!",2016-11-30T09:09:38.000Z
na,186,image,1,https://www.instagram.com/p/BNbcMKbBkGL/?taken-by=meizuofficial,"Today, we are announcing the Meizu PRO 6 Plus!",2016-11-30T09:10:11.000Z
na,275,image,0,https://www.instagram.com/p/BNbcPHtBscV/?taken-by=meizuofficial,Silver as well...,2016-11-30T09:10:36.000Z
na,183,image,0,https://www.instagram.com/p/BNbcVJ6BO-i/?taken-by=meizuofficial,And in Champagne Gold!,2016-11-30T09:11:25.000Z
na,82,image,0,https://www.instagram.com/p/BMqiIGRhcpL/?taken-by=meizuofficial,The Meizu M5 is packed with a powerful octa-core processor with a peak frequency of 1.5 GHz and 3GB of RAM.,2016-11-11T09:19:17.000Z
na,142,image,0,https://www.instagram.com/p/BMxBkSOBc5S/?taken-by=meizuofficial,The Meizu U20 unites elegance and durability with its stylish combination of glass and metal.,2016-11-13T21:49:27.000Z
na,73,image,0,https://www.instagram.com/p/BMxBoBmBZsm/?taken-by=meizuofficial,This picture was captured with the Meizu PRO 6!,2016-11-13T21:49:58.000Z
na,126,image,1,https://www.instagram.com/p/BMxBrx-BkhD/?taken-by=meizuofficial,Vivid yet efficient. The 6-inch Full HD display of the Meizu M3 Max uses IPS technology for a great viewing experience.,2016-11-13T21:50:29.000Z
na,121,image,0,https://www.instagram.com/p/BM30UP3BlDe/?taken-by=meizuofficial,Are you watching the supermoon tonight? Be sure to share your pictures!,2016-11-16T13:08:21.000Z
na,217,image,6,https://www.instagram.com/p/BNFhd8JhyKE/?taken-by=meizuofficial,"Check out @WIRED's review of the Meizu M3 Note!
https://t.co/CAYmDfIoKE",2016-11-21T20:53:01.000Z
na,81,image,0,https://www.instagram.com/p/BNFhhZBB_Ri/?taken-by=meizuofficial,Scan the Snapcode and follow us on Snapchat!,2016-11-21T20:53:29.000Z
na,175,image,0,https://www.instagram.com/p/BNFhkhzBbfR/?taken-by=meizuofficial,"The 13 megapixel camera of the Meizu M5 allows you to capture unique moments in great quality, even in low-light conditions.",2016-11-21T20:53:55.000Z
na,155,image,2,https://www.instagram.com/p/BNFhnpOBtmy/?taken-by=meizuofficial,The super-fast mTouch fingerprint scanner of the Meizu U10 can reliably unlock your phone within 0.2 seconds.,2016-11-21T20:54:21.000Z
na,102,image,0,https://www.instagram.com/p/BNFhqucBbmn/?taken-by=meizuofficial,Get ready for our next product!,2016-11-21T20:54:46.000Z
na,159,image,0,https://www.instagram.com/p/BNKynvLhOVQ/?taken-by=meizuofficial,The metal body of the Meizu PRO 6 is crafted using the same light and solid magnesium as used in aircrafts.,2016-11-23T21:59:06.000Z
na,182,image,0,https://www.instagram.com/p/BNNOCzjBxo1/?taken-by=meizuofficial,"A sleek, sandblasted metal body provides the Meizu M3E with a premium look and feel",2016-11-24T20:37:13.000Z
na,102,image,0,https://www.instagram.com/p/BMRcU-VBPZd/?taken-by=meizuofficial,Introducing a brand new color: mint green!,2016-11-01T15:27:36.000Z
na,105,image,1,https://www.instagram.com/p/BMRcZUMB3ut/?taken-by=meizuofficial,The Meizu M5 in champagne gold and blue.,2016-11-01T15:28:11.000Z
na,141,image,2,https://www.instagram.com/p/BMRccD5hYVA/?taken-by=meizuofficial,The Meizu M5 in champagne gold and blue.,2016-11-01T15:28:34.000Z
na,83,image,0,https://www.instagram.com/p/BMRx_h3hkWs/?taken-by=meizuofficial,Do you like the new polycarbonate body of the Meizu M5?,2016-11-01T18:36:54.000Z
na,69,image,0,https://www.instagram.com/p/BMRyD4EBaOC/?taken-by=meizuofficial,The Meizu M5 supports dual-SIM with dual-standby!,2016-11-01T18:37:30.000Z
na,49,image,2,https://www.instagram.com/p/BMRyIAShmtE/?taken-by=meizuofficial,The all-new Meizu M5.,2016-11-01T18:38:04.000Z
na,133,image,1,https://www.instagram.com/p/BMRyLQ7h7Rc/?taken-by=meizuofficial,Fun Begins with Color - the Meizu M5.,2016-11-01T18:38:30.000Z
na,85,image,0,https://www.instagram.com/p/BMXGEPmBMkv/?taken-by=meizuofficial,The large 3070mAh battery of the Meizu M5 allows for up to 66 hours of continuous music playback!,2016-11-03T20:08:31.000Z
na,135,image,0,https://www.instagram.com/p/BMdqOtuhlrE/?taken-by=meizuofficial,The metal body of the Meizu M3 Max is crafted using cutting-edge technologies.,2016-11-06T09:19:58.000Z
na,80,image,0,https://www.instagram.com/p/BMhbzVkhsnO/?taken-by=meizuofficial,This picture was captured with the Meizu M5!,2016-11-07T20:30:51.000Z
na,155,image,5,https://www.instagram.com/p/BMhb2uyBoH_/?taken-by=meizuofficial,The Meizu PRO 6 is equipped with a space-saving 5.2-inch Full HD AMOLED display. It's also our thinnest phone yet.,2016-11-07T20:31:19.000Z
na,56,image,0,https://www.instagram.com/p/BMqiE5fhRxX/?taken-by=meizuofficial,"Yes, Americans, we're hiring. #Elections2016",2016-11-11T09:18:51.000Z
na,128,image,3,https://www.instagram.com/p/BLyC9YBhHTj/?taken-by=meizuofficial,The Meizu M3s features a 5-inch high-definition screen that will blow you away immediately!,2016-10-20T10:49:28.000Z
na,158,image,7,https://www.instagram.com/p/BL8OhzzBco_/?taken-by=meizuofficial,"Silver, rose gold, grey or champagne gold. What's your favorite Meizu M3s color?",2016-10-24T09:42:58.000Z
na,122,image,0,https://www.instagram.com/p/BL8OmjuhIZU/?taken-by=meizuofficial,The 5.5-inch Full HD display of the Meizu M3E delivers a crisp and natural viewing experience.,2016-10-24T09:43:37.000Z
na,61,image,0,https://www.instagram.com/p/BL8OszwBjDM/?taken-by=meizuofficial,This picture was captured with the Meizu MX6!,2016-10-24T09:44:28.000Z
na,101,image,2,https://www.instagram.com/p/BMBrIRThHqr/?taken-by=meizuofficial,3D Press technology of the Meizu PRO 6 monitors finger movements at a frequency of more than 100Hz!,2016-10-26T12:29:05.000Z
na,99,image,0,https://www.instagram.com/p/BMBrLZOh_QN/?taken-by=meizuofficial,The Meizu U20 features a solid metal frame in combination with high quality glass for a great look and feel.,2016-10-26T12:29:31.000Z
na,92,image,0,https://www.instagram.com/p/BMBrQrNBSuf/?taken-by=meizuofficial,Inside @MEIZU‚Äôs HQ in Zhuhai and its plans to take on the West: https://t.co/kq4IYjirkK,2016-10-26T12:30:14.000Z
na,128,image,0,https://www.instagram.com/p/BMGkyZlB7U5/?taken-by=meizuofficial,"The body of the Meizu PRO 6 has an advanced rib structure, which significantly improves its rigidity.",2016-10-28T10:09:52.000Z
na,110,image,1,https://www.instagram.com/p/BMGk1QjhKxn/?taken-by=meizuofficial,The white Meizu EP51 earphones are made using a new polyether TPU material.,2016-10-28T10:10:16.000Z
na,145,image,1,https://www.instagram.com/p/BMHIlZTBAL2/?taken-by=meizuofficial,"Thinner, smoother and faster - the Meizu MX6.",2016-10-28T15:22:40.000Z
na,138,image,1,https://www.instagram.com/p/BMHIpWcBDc9/?taken-by=meizuofficial,The Meizu U10 features a 2760 mAh battery which makes sure that you can go through the entire day without recharging.,2016-10-28T15:23:13.000Z
na,106,image,0,https://www.instagram.com/p/BMRcRLth8RN/?taken-by=meizuofficial,Introducing the Meizu M5!,2016-11-01T15:27:05.000Z
na,144,image,1,https://www.instagram.com/p/BLMPrQbjKz1/?taken-by=meizuofficial,Wired or wireless headphones. What do you prefer?,2016-10-05T18:29:27.000Z
na,95,image,0,https://www.instagram.com/p/BLTCHgLBwQc/?taken-by=meizuofficial,"The Meizu PRO 6 is thin and sharp, small but universal.",2016-10-08T09:45:39.000Z
na,82,image,0,https://www.instagram.com/p/BLTCNHABaxy/?taken-by=meizuofficial,This ladybird was captured by the Meizu MX6!,2016-10-08T09:46:25.000Z
na,112,image,0,https://www.instagram.com/p/BLbzIJqBu2a/?taken-by=meizuofficial,The fully-laminated screen of the Meizu U10 offers an extended field of view and superb color rendering.,2016-10-11T19:27:50.000Z
na,114,image,0,https://www.instagram.com/p/BLbzLRcBrBy/?taken-by=meizuofficial,"The Meizu M3s features a smooth and delicate metal body, which was accomplished by using a sophisticated sand blasting process.",2016-10-11T19:28:16.000Z
na,106,image,0,https://www.instagram.com/p/BLedHSDDRnl/?taken-by=meizuofficial,The 3D nano-molded structure of the Meizu MX6's metal body allows for a precisely integrated antenna with minimal margins.,2016-10-12T20:13:12.000Z
na,108,image,0,https://www.instagram.com/p/BLedK7Hjahf/?taken-by=meizuofficial,The Meizu Power Bank (M10) can charge a mobile phone up to 25% in just 10 minutes.,2016-10-12T20:13:42.000Z
na,110,image,1,https://www.instagram.com/p/BLnTqcRBvLX/?taken-by=meizuofficial,mTouch allows you to quickly and reliably unlock the Meizu M3 Max without wasting time on entering a password.,2016-10-16T06:43:47.000Z
na,93,image,0,https://www.instagram.com/p/BLnTt2LBjfw/?taken-by=meizuofficial,The 13 megapixel camera of the Meizu U20 delivers outstanding low-light performance.,2016-10-16T06:44:15.000Z
na,108,image,0,https://www.instagram.com/p/BLqkSdehjlO/?taken-by=meizuofficial,Its long-lasting battery makes the Meizu PRO 6 a great companion for all your outdoor trips.,2016-10-17T13:06:47.000Z
na,101,image,0,https://www.instagram.com/p/BLqkWkxBvay/?taken-by=meizuofficial,The Meizu M3E is built using the finest materials such as aerospace-grade aluminum-magnesium alloy.,2016-10-17T13:07:20.000Z
na,65,image,1,https://www.instagram.com/p/BLyC4iMB0YU/?taken-by=meizuofficial,This picture was captured by the Meizu PRO 6!,2016-10-20T10:48:48.000Z
na,101,image,1,https://www.instagram.com/p/BKjLabZDbYc/?taken-by=meizuofficial,"The Meizu MX6 is crafted using a new metal processing technique for a sleek and elegant, yet robust appearance.",2016-09-19T19:43:20.000Z
na,54,image,0,https://www.instagram.com/p/BKq4F6Djay4/?taken-by=meizuofficial,Where do you use your phone the most?,2016-09-22T19:28:26.000Z
na,114,image,0,https://www.instagram.com/p/BKq4I0gjeBH/?taken-by=meizuofficial,Meizu mCharge technology provides super-fast charging while preserving the battery's orignial capacity.,2016-09-22T19:28:50.000Z
na,84,image,3,https://www.instagram.com/p/BKq4MOsjr2e/?taken-by=meizuofficial,"Whatever your lifestyle is, the Meizu Loop Jacket always has a suitable watch face for you.",2016-09-22T19:29:18.000Z
na,49,image,0,https://www.instagram.com/p/BK3qavlBsa1/?taken-by=meizuofficial,This picture was captured with the Meizu MX6!,2016-09-27T18:39:04.000Z
na,125,image,0,https://www.instagram.com/p/BK3qedrBR5X/?taken-by=meizuofficial,"The Meizu PRO 6: beauty outside, beast inside.",2016-09-27T18:39:35.000Z
na,106,image,1,https://www.instagram.com/p/BK3qhvgh7sM/?taken-by=meizuofficial,Astonishing specifications and an elegant look. The brand-new Meizu M3s.,2016-09-27T18:40:01.000Z
na,99,image,1,https://www.instagram.com/p/BK8jPNthdaP/?taken-by=meizuofficial,A wild @Porsche Boxster appeared at the Meizu headquarters!,2016-09-29T16:12:32.000Z
na,85,image,0,https://www.instagram.com/p/BK8jThaB_bN/?taken-by=meizuofficial,The fully laminated 5.5-inch 1080p display of the Meizu U20 renders images with vivid colors and crisp details.,2016-09-29T16:13:07.000Z
na,85,image,1,https://www.instagram.com/p/BLDnPgihD09/?taken-by=meizuofficial,The Meizu HD50 headphone is crafted using a high-precision powder metallurgy manufacturing process.,2016-10-02T10:02:12.000Z
na,126,image,2,https://www.instagram.com/p/BLMPi7vj1IG/?taken-by=meizuofficial,The Meizu MX6 is our first phone in the MX-series to feature a high performance 10-core A72-based CPU.,2016-10-05T18:28:19.000Z
na,98,image,0,https://www.instagram.com/p/BLMPnxLDQVJ/?taken-by=meizuofficial,The camera of the Meizu M3 Max is powered by a 13-megapixel Sony CMOS sensor!,2016-10-05T18:28:58.000Z
na,40,image,0,https://www.instagram.com/p/BKEPnMbDmif/?taken-by=meizuofficial,The screen of the Meizu M3 Max uses IPS technology and offers great brightness and contrast!,2016-09-07T19:23:34.000Z
na,73,image,0,https://www.instagram.com/p/BKEPtHjDb39/?taken-by=meizuofficial,The Meizu M3 Max is crafted using dual-CNC processing technology.,2016-09-07T19:24:23.000Z
na,107,image,1,https://www.instagram.com/p/BKEPws5D5Na/?taken-by=meizuofficial,Dream Bigger - the Meizu M3 Max.,2016-09-07T19:24:52.000Z
na,77,image,0,https://www.instagram.com/p/BKK9hDMjjP4/?taken-by=meizuofficial,Vivid yet efficient. The 6-inch Full HD display of the Meizu M3 Max comes with IPS technology.,2016-09-10T10:00:08.000Z
na,40,image,0,https://www.instagram.com/p/BKK9k17DwS8/?taken-by=meizuofficial,Congratulations to the five winners of our Meizu M3E Star Trek Edition contest! We have contacted you by email.,2016-09-10T10:00:39.000Z
na,102,image,2,https://www.instagram.com/p/BKK9oUhj0og/?taken-by=meizuofficial,Universally Loved - the Meizu U10 and U20.,2016-09-10T10:01:07.000Z
na,73,image,0,https://www.instagram.com/p/BKRQTL3Dg1C/?taken-by=meizuofficial,The ring flash makes the camera of the Meizu PRO 6 excellent for use in low-light conditions.,2016-09-12T20:39:42.000Z
na,65,image,0,https://www.instagram.com/p/BKRQXFsDu_G/?taken-by=meizuofficial,The Meizu U20 features a solid metal frame in combination with high quality glass for a great look and feel.,2016-09-12T20:40:14.000Z
na,87,image,0,https://www.instagram.com/p/BKTjEAojJAm/?taken-by=meizuofficial,The Meizu M3E is equipped with a powerful yet efficient octa-core processor.,2016-09-13T18:02:08.000Z
na,93,image,2,https://www.instagram.com/p/BKZ69q_DNd-/?taken-by=meizuofficial,The Meizu M8 also features... two loudspeakers!,2016-09-16T05:26:26.000Z
na,56,image,0,https://www.instagram.com/p/BKZ7As0joWi/?taken-by=meizuofficial,PRO means vision and courage. The Meizu PRO 6 is the perfect blend of innovation and tradition.,2016-09-16T05:26:51.000Z
na,80,image,0,https://www.instagram.com/p/BKjLCgUjoD2/?taken-by=meizuofficial,Lightweight and easy to wear. The Meizu EP51 earphones combine superb portability with great sound.,2016-09-19T19:40:04.000Z
na,85,image,2,https://www.instagram.com/p/BJbDrcFDsHi/?taken-by=meizuofficial,The Meizu Power Bank is only 17.4mm thin and weighs just 235g!,2016-08-22T19:30:26.000Z
na,81,image,0,https://www.instagram.com/p/BJbDu4jDtbb/?taken-by=meizuofficial,"Not only does the Meizu M3E support dual-SIM, the first SIM-slot can also be used as a microSD card slot!",2016-08-22T19:30:54.000Z
na,76,image,1,https://www.instagram.com/p/BJgCpyJjSYD/?taken-by=meizuofficial,This picture was captured with the Meizu MX6!,2016-08-24T17:57:40.000Z
na,64,image,2,https://www.instagram.com/p/BJilf34DEwT/?taken-by=meizuofficial,Are you ready for our next product?,2016-08-25T17:40:38.000Z
na,78,image,0,https://www.instagram.com/p/BJnywNfDqoX/?taken-by=meizuofficial,mCharge technology charges your Meizu phone fast and safe without decreasing its battery lifespan.,2016-08-27T18:12:40.000Z
na,87,image,1,https://www.instagram.com/p/BJvBrHkj0Iu/?taken-by=meizuofficial,Lead by Example! Which colour looks best on the Meizu MX6?,2016-08-30T13:37:43.000Z
na,90,image,1,https://www.instagram.com/p/BJ0zUZpjVpZ/?taken-by=meizuofficial,"Live Long and Prosper. Here it is, the Meizu M3E Star Trek Edition!",2016-09-01T19:27:44.000Z
na,76,image,1,https://www.instagram.com/p/BJ0zZOijmWx/?taken-by=meizuofficial,Robust and elegant. The all-new Meizu MX6.,2016-09-01T19:28:23.000Z
na,59,image,2,https://www.instagram.com/p/BJ-ikvujdx2/?taken-by=meizuofficial,This landscape was captured with the Meizu MX6!,2016-09-05T14:13:49.000Z
na,38,image,1,https://www.instagram.com/p/BJ-iohzD8Km/?taken-by=meizuofficial,Introducing the Meizu M3 Max!,2016-09-05T14:14:20.000Z
na,61,image,0,https://www.instagram.com/p/BJ-itfnD_mT/?taken-by=meizuofficial,"The Meizu M3 Max comes in 4 colors: champagne gold, gray, silver and rose gold.",2016-09-05T14:15:01.000Z
na,44,image,0,https://www.instagram.com/p/BJ-ix87j08_/?taken-by=meizuofficial,The Meizu M3 Max has a large 6-inch Full HD display!,2016-09-05T14:15:37.000Z
na,70,image,0,https://www.instagram.com/p/BJBG3wDD70z/?taken-by=meizuofficial,Two special colors for the Meizu M3E: blue and rose gold.,2016-08-12T17:38:04.000Z
na,57,image,0,https://www.instagram.com/p/BJBQRhCj07-/?taken-by=meizuofficial,The Meizu M3E comes with a 5.5 inch display with Full HD resolution!,2016-08-12T19:00:14.000Z
na,59,image,1,https://www.instagram.com/p/BJBQU9eD76C/?taken-by=meizuofficial,The display of the Meizu M3E uses advanced IPS technology and has a maximum brightness of 450 nits.,2016-08-12T19:00:42.000Z
na,86,image,0,https://www.instagram.com/p/BJCfgiWjRPm/?taken-by=meizuofficial,Effortless Elegance - the Meizu M3E.,2016-08-13T06:32:36.000Z
na,45,image,1,https://www.instagram.com/p/BJCfkQ2DZL5/?taken-by=meizuofficial,This dog was captured with the Meizu M3E!,2016-08-13T06:33:06.000Z
na,64,image,0,https://www.instagram.com/p/BJHzFntjhsg/?taken-by=meizuofficial,The metal body of the Meizu PRO 6 is crafted using the same light and solid magnesium as used in aircrafts.,2016-08-15T07:59:53.000Z
na,94,image,1,https://www.instagram.com/p/BJHzJSaDIAf/?taken-by=meizuofficial,"The MX6 is crafted using a new metal processing technique for a sleek and elegant, yet robust appearance.",2016-08-15T08:00:23.000Z
na,101,image,1,https://www.instagram.com/p/BJKyJNHjHVt/?taken-by=meizuofficial,The Meizu M3E also features... a headphone jack!,2016-08-16T11:49:22.000Z
na,71,image,0,https://www.instagram.com/p/BJQrncijjAi/?taken-by=meizuofficial,The 13 megapixel camera of the Meizu M3S supports quick and automatic phase focusing.,2016-08-18T18:47:46.000Z
na,85,image,1,https://www.instagram.com/p/BJQrtG4D9gx/?taken-by=meizuofficial,The Full HD display of the Meizu M3E makes use of IPS technology for vivid and natural color rendering.,2016-08-18T18:48:32.000Z
na,110,image,2,https://www.instagram.com/p/BJQr_49jRGJ/?taken-by=meizuofficial,The metal body and the 2.5D screen makes the Meizu m3 note too good-looking to forget.,2016-08-18T18:51:06.000Z
na,81,image,1,https://www.instagram.com/p/BJXQMx1DB6P/?taken-by=meizuofficial,The Meizu PRO 6 comes an all-new Helio X25 processor featuring a revolutionary 10-core 3-cluster architecture.,2016-08-21T08:02:53.000Z
na,74,image,1,https://www.instagram.com/p/BIag5ZmjuRp/?taken-by=meizuofficial,Which fitness app do you use when going for a run?,2016-07-28T17:55:07.000Z
na,70,image,0,https://www.instagram.com/p/BIag8yGjTJH/?taken-by=meizuofficial,The Meizu PRO 6 is powered by the brand-new Helio X25 processor.,2016-07-28T17:55:34.000Z
na,90,image,0,https://www.instagram.com/p/BIdMUgzDWJL/?taken-by=meizuofficial,The 6000 Series Aluminum alloy design makes the Meizu m3 note amazing to the touch.,2016-07-29T18:53:02.000Z
na,38,image,0,https://www.instagram.com/p/BInpt08Dnt5/?taken-by=meizuofficial,This picture was captured by the Meizu MX6!,2016-08-02T20:22:18.000Z
na,80,image,0,https://www.instagram.com/p/BInpwzVDEnh/?taken-by=meizuofficial,"Weighing just 15 grams, the Meizu EP51 bluetooth headset is ultra-light.",2016-08-02T20:22:42.000Z
na,69,image,0,https://www.instagram.com/p/BInp1G4Dqgd/?taken-by=meizuofficial,"Thinner, smoother and faster - the Meizu MX6.",2016-08-02T20:23:18.000Z
na,34,image,0,https://www.instagram.com/p/BInp37Wjw1k/?taken-by=meizuofficial,Prepare yourself for the Meizu M3E!,2016-08-02T20:23:41.000Z
na,80,image,1,https://www.instagram.com/p/BIsq2kOjnED/?taken-by=meizuofficial,The pure metal body of the Meizu PRO 6 is embodied by beautiful curves and arcs.,2016-08-04T19:08:26.000Z
na,76,image,1,https://www.instagram.com/p/BIsq63SDGxl/?taken-by=meizuofficial,The Meizu M3s uses an octa-core processor to guarantee outstanding performance.,2016-08-04T19:09:01.000Z
na,41,image,0,https://www.instagram.com/p/BJBGnaCjRBc/?taken-by=meizuofficial,This picture was captured with the Meizu MX6.,2016-08-12T17:35:51.000Z
na,91,image,1,https://www.instagram.com/p/BJBGraODzis/?taken-by=meizuofficial,The Meizu PRO 6 is crafted using the best injection molding materials and processes.,2016-08-12T17:36:23.000Z
na,58,image,0,https://www.instagram.com/p/BJBGwf6DVYa/?taken-by=meizuofficial,Introducing the Meizu M3E!,2016-08-12T17:37:05.000Z
na,45,image,1,https://www.instagram.com/p/BIDWsBSjRPX/?taken-by=meizuofficial,The Meizu MX6 comes with 4GB RAM and 32GB internal storage.,2016-07-19T18:03:22.000Z
na,56,image,0,https://www.instagram.com/p/BIDWwoSDOvQ/?taken-by=meizuofficial,The Meizu MX6 has a 13-megapixel Sony IMX386 camera.,2016-07-19T18:04:00.000Z
na,69,image,0,https://www.instagram.com/p/BIDbaoTjZrt/?taken-by=meizuofficial,"The Meizu MX6 comes with an upgraded ISP, achieving a camera speed of 319ms.",2016-07-19T18:44:41.000Z
na,59,image,0,https://www.instagram.com/p/BIDbezRjS-g/?taken-by=meizuofficial,Introducing the Meizu Loop Jacket!,2016-07-19T18:45:15.000Z
na,44,image,0,https://www.instagram.com/p/BIDbh5NDpFW/?taken-by=meizuofficial,The Meizu Loop Jacket allows you to directly control your music and view notifications.,2016-07-19T18:45:41.000Z
na,61,image,1,https://www.instagram.com/p/BIG5GQVD-bh/?taken-by=meizuofficial,"Congratulations, Nuno from Paris. You're the first one to own the Meizu MX6!",2016-07-21T03:01:46.000Z
na,91,image,2,https://www.instagram.com/p/BIN8kiIDtdD/?taken-by=meizuofficial,The Meizu M3 note offers a simplified and delicate visual perception while being smooth to use.,2016-07-23T20:46:48.000Z
na,76,image,0,https://www.instagram.com/p/BIN8p7ljQji/?taken-by=meizuofficial,The Meizu MX6: unparalleled performance and an exquisite body structure. https://t.co/y82XMxNVmP,2016-07-23T20:47:32.000Z
na,88,image,1,https://www.instagram.com/p/BIUUOVIDPGb/?taken-by=meizuofficial,Headquarters: Secured.,2016-07-26T08:08:56.000Z
na,56,image,0,https://www.instagram.com/p/BIUUSsRjOe9/?taken-by=meizuofficial,This picture was captured with the Meizu MX6!,2016-07-26T08:09:31.000Z
na,104,image,3,https://www.instagram.com/p/BIYK0iijYkO/?taken-by=meizuofficial,"Sleek, light and fast: the Meizu M3 note.",2016-07-27T20:03:44.000Z
na,82,image,0,https://www.instagram.com/p/BIYK4l0j4Lb/?taken-by=meizuofficial,mCharge charges the Meizu MX6 up to 25% in just 10 minutes!,2016-07-27T20:04:17.000Z
na,62,image,0,https://www.instagram.com/p/BHxlACiDisO/?taken-by=meizuofficial,It takes more than 100 steps to craft the metal body of the Meizu PRO 6.,2016-07-12T20:22:06.000Z
na,62,image,0,https://www.instagram.com/p/BHxlDlujDiq/?taken-by=meizuofficial,The Security app on your Meizu phone allows you to select different power modes to extend your phone's battery life.,2016-07-12T20:22:35.000Z
na,59,image,0,https://www.instagram.com/p/BH0He03D-S7/?taken-by=meizuofficial,mCharge 3.0 charges your Meizu PRO 6 to 26% in just 10 minutes.,2016-07-13T20:01:53.000Z
na,75,image,0,https://www.instagram.com/p/BH0Hh40jId5/?taken-by=meizuofficial,This amazing sunset was captured by the Meizu PRO 5!,2016-07-13T20:02:18.000Z
na,86,image,0,https://www.instagram.com/p/BH3zYwsj4dN/?taken-by=meizuofficial,The Meizu OTG Flash Drive boosts your music library by another 32GB!,2016-07-15T06:23:16.000Z
na,47,image,2,https://www.instagram.com/p/BH3zc4HjbU0/?taken-by=meizuofficial,Which method do you use to find your way around the city?,2016-07-15T06:23:49.000Z
na,57,image,4,https://www.instagram.com/p/BH8-vVBjIOX/?taken-by=meizuofficial,Which photography mode do you use when taking pictures?,2016-07-17T06:38:40.000Z
na,61,image,4,https://www.instagram.com/p/BH8-0DvjA31/?taken-by=meizuofficial,What do you rely on to wake up in the morning?,2016-07-17T06:39:18.000Z
na,74,image,1,https://www.instagram.com/p/BIBD-bJDPOm/?taken-by=meizuofficial,This picture was captured by the Meizu MX6!,2016-07-18T20:41:23.000Z
na,49,image,0,https://www.instagram.com/p/BIBECVzDhcE/?taken-by=meizuofficial,Less than 1 day left until the Meizu MX6 launch! What are you looking forward to the most?,2016-07-18T20:41:55.000Z
na,68,image,0,https://www.instagram.com/p/BIDWidTDYuh/?taken-by=meizuofficial,Lead by Example - the Meizu MX6.,2016-07-19T18:02:04.000Z
na,36,image,0,https://www.instagram.com/p/BIDWoVjjXLV/?taken-by=meizuofficial,The Meizu MX6 is powered by a deca-core 64-bit processor.,2016-07-19T18:02:52.000Z
na,66,image,0,https://www.instagram.com/p/BHBx-nkDwPi/?taken-by=meizuofficial,The Meizu PRO 6 has five pairs of LEDs around the laser focus module which form a ring that echoes the curved body.,2016-06-24T06:51:58.000Z
na,89,image,1,https://www.instagram.com/p/BHGvZRsDggY/?taken-by=meizuofficial,The Meizu m3s makes a striking appearance with its astonishing specifications and elegant look.,2016-06-26T05:05:35.000Z
na,74,image,3,https://www.instagram.com/p/BHGvdTbj9z7/?taken-by=meizuofficial,The Meizu m3 note's mTouch 2.1 fingerprint sensor has outstanding reliability while being the fastest in its class.,2016-06-26T05:06:08.000Z
na,76,image,0,https://www.instagram.com/p/BHIYT6ejfd5/?taken-by=meizuofficial,This picture was captured by the Meizu PRO 5!,2016-06-26T20:22:22.000Z
na,98,image,0,https://www.instagram.com/p/BHbahKVjzta/?taken-by=meizuofficial,The Meizu PRO 6 in red.,2016-07-04T05:47:13.000Z
na,68,image,1,https://www.instagram.com/p/BHballQjTJt/?taken-by=meizuofficial,The scopes of the Meizu PRO 5 Ubuntu Edition give you related content on one screen.,2016-07-04T05:47:49.000Z
na,85,image,0,https://www.instagram.com/p/BHc9XXTjoTX/?taken-by=meizuofficial,The white Meizu EP51 earphones are made from a new polyether TPU material.,2016-07-04T20:10:57.000Z
na,92,image,1,https://www.instagram.com/p/BHc9cClDWO2/?taken-by=meizuofficial,The Meizu m3s features a smooth and delicate metal body.,2016-07-04T20:11:36.000Z
na,59,image,0,https://www.instagram.com/p/BHnWGl1jfuJ/?taken-by=meizuofficial,This picture was captured by the Meizu PRO 5!,2016-07-08T20:59:31.000Z
na,82,image,1,https://www.instagram.com/p/BHnWJ1FjVfr/?taken-by=meizuofficial,The Meizu PRO 6 adopted a brand-new design language while pursuing the beauty of curvature.,2016-07-08T20:59:58.000Z
na,47,image,0,https://www.instagram.com/p/BHnWOFFj0sL/?taken-by=meizuofficial,Fasten your seatbelt. Here comes the Meizu MX6.,2016-07-08T21:00:33.000Z
na,74,image,2,https://www.instagram.com/p/BHxk8hsDBy7/?taken-by=meizuofficial,Which accessories do you use together with your Meizu phone?,2016-07-12T20:21:38.000Z
na,66,image,1,https://www.instagram.com/p/BGXe6UjN3Y_/?taken-by=meizuofficial,The Meizu EP51 Bluetooth sports earphones have a reception of up to 10 meters.,2016-06-07T20:37:15.000Z
na,36,image,0,https://www.instagram.com/p/BGXe-xgt3ZL/?taken-by=meizuofficial,"""More than anything, Gravity is just cool-looking, in a way few speakers ever are"" ‚Äï @WIRED https://t.co/yUhhAVrwSA",2016-06-07T20:37:51.000Z
na,41,image,0,https://www.instagram.com/p/BGlc4-Wt3X9/?taken-by=meizuofficial,The Meizu m3s comes with a beautiful 2.5D screen!,2016-06-13T06:48:57.000Z
na,42,image,0,https://www.instagram.com/p/BGlc-oeN3YK/?taken-by=meizuofficial,The Meizu m3s is powered by an octa-core 64-bit CPU and a high-end Mali T860 GPU.,2016-06-13T06:49:44.000Z
na,36,image,0,https://www.instagram.com/p/BGldDrst3YS/?taken-by=meizuofficial,The meizu m3s is 8.3mm thin and only weighs 138g.,2016-06-13T06:50:25.000Z
na,80,image,2,https://www.instagram.com/p/BGldIQ_N3YZ/?taken-by=meizuofficial,"The Meizu m3s also comes in rose gold, together with silver, grey and gold.",2016-06-13T06:51:03.000Z
na,40,image,0,https://www.instagram.com/p/BGulPHNN3fO/?taken-by=meizuofficial,Introducing the white variant of the Meizu EP51!,2016-06-16T19:55:03.000Z
na,75,image,1,https://www.instagram.com/p/BGulZoMN3ff/?taken-by=meizuofficial,The Meizu m3s combines astonishing performance with a great design. https://www.youtube.com/embed/f984HUAktyE,2016-06-16T19:56:29.000Z
na,68,image,0,https://www.instagram.com/p/BGzHkF0t3RZ/?taken-by=meizuofficial,Check out @AndroidAuth's review of the Meizu PRO 6!,2016-06-18T14:11:58.000Z
na,56,image,1,https://www.instagram.com/p/BG7dgnhN3V3/?taken-by=meizuofficial,The 13 megapixel camera of the Meizu m3s supports quick and automatic phase focusing.,2016-06-21T19:57:40.000Z
na,57,image,0,https://www.instagram.com/p/BG7dlsqt3WF/?taken-by=meizuofficial,These beautiful flowers were captured by the Meizu MX4 Pro!,2016-06-21T19:58:21.000Z
na,64,image,3,https://www.instagram.com/p/BG7do1-t3WM/?taken-by=meizuofficial,The octa-core processor in the Meizu m3s guarantees an excellent balance between performance and power consumption.,2016-06-21T19:58:47.000Z
na,53,image,2,https://www.instagram.com/p/BF1BpPit3fH/?taken-by=meizuofficial,"The Meizu PRO 6 is thin and sharp, small but universal.",2016-05-25T11:27:20.000Z
na,36,image,0,https://www.instagram.com/p/BF1ByyLN3fY/?taken-by=meizuofficial,This beautiful beach was captured by the Meizu PRO 5!,2016-05-25T11:28:38.000Z
na,71,image,2,https://www.instagram.com/p/BF1B6Azt3fm/?taken-by=meizuofficial,"The Meizu m3 note is 0.5mm thinner than the previous generation, while packing a 32% larger battery.",2016-05-25T11:29:37.000Z
na,61,image,2,https://www.instagram.com/p/BF7H-CsN3VK/?taken-by=meizuofficial,This amazing picture was captured by the Meizu PRO 6!,2016-05-27T20:18:03.000Z
na,38,image,0,https://www.instagram.com/p/BF94Pv-t3eS/?taken-by=meizuofficial,The Meizu Gravity brings you and your home artistic appeal and a sense of inner peace.,2016-05-28T21:58:22.000Z
na,49,image,0,https://www.instagram.com/p/BF__oDpN3V9/?taken-by=meizuofficial,"The body of the Meizu PRO 6 has an advanced rib structure, which significantly improves its rigidity.",2016-05-29T17:41:20.000Z
na,69,image,3,https://www.instagram.com/p/BGAAS-uN3YX/?taken-by=meizuofficial,"Sweet Meizu üç≠üç≠üç≠
@elena_moskalec",2016-05-29T17:47:12.000Z
na,46,image,1,https://www.instagram.com/p/BGC5ruBN3ZQ/?taken-by=meizuofficial,"The Meizu PRO 6 comes packed with a Cirrus Logic CS43L36 Hi-Fi chip, providing an even better sound experience.",2016-05-30T20:47:08.000Z
na,54,image,0,https://www.instagram.com/p/BGFQ17st3Qp/?taken-by=meizuofficial,Check out @Androidheadline's review of the Meizu PRO 6!,2016-05-31T18:47:59.000Z
na,35,image,0,https://www.instagram.com/p/BGKG6H-N3b3/?taken-by=meizuofficial,"The Meizu Gravity is minimal, essential and unique. Back it here: https://www.indiegogo.com/projects/gravity-floating-speaker-with-floating-display--6",2016-06-02T15:57:23.000Z
na,49,image,0,https://www.instagram.com/p/BGSSNnTN3Ta/?taken-by=meizuofficial,A beautiful landscape captured by the Meizu PRO 5.,2016-06-05T20:10:05.000Z
na,59,image,0,https://www.instagram.com/p/BGSSWENN3Ty/?taken-by=meizuofficial,3D Press on the Meizu PRO 6 is a one-button and one-press solution for multi-step tasks.,2016-06-05T20:11:14.000Z
na,41,image,0,https://www.instagram.com/p/BE5_e2xt3Vh/?taken-by=meizuofficial,This picture was captured by the Meizu PRO 6!,2016-05-02T13:13:15.000Z
na,36,image,1,https://www.instagram.com/p/BFBwjxft3Sh/?taken-by=meizuofficial,mCharge 3.0 charges your Meizu PRO 6 to 26% in just 10 minutes.,2016-05-05T13:36:46.000Z
na,52,image,0,https://www.instagram.com/p/BFBwn5xt3Su/?taken-by=meizuofficial,How are you going to surprise your mom on #MothersDay?,2016-05-05T13:37:20.000Z
na,41,image,1,https://www.instagram.com/p/BFR2vp_t3VR/?taken-by=meizuofficial,The metal body of the Meizu PRO 6 is crafted using a sophisticated 360-degree polishing process.,2016-05-11T19:38:40.000Z
na,47,image,0,https://www.instagram.com/p/BFR2zfUN3Vc/?taken-by=meizuofficial,One of our fans captured this picture with his Meizu MX4!,2016-05-11T19:39:12.000Z
na,75,image,2,https://www.instagram.com/p/BFR22RzN3Vj/?taken-by=meizuofficial,The Meizu m3 note is a true long-lasting beauty with its 4100mAh battery and full metal body.,2016-05-11T19:39:34.000Z
na,55,image,1,https://www.instagram.com/p/BFR259zt3Vt/?taken-by=meizuofficial,We customised the entire camera assembly of the Meizu PRO 6.,2016-05-11T19:40:05.000Z
na,48,image,0,https://www.instagram.com/p/BFalJgot3fk/?taken-by=meizuofficial,"This photo was taken by the Meizu MX5 in Madrid, Spain. What's your best long exposure shot?",2016-05-15T04:58:05.000Z
na,57,image,0,https://www.instagram.com/p/BFalRLjt3f0/?taken-by=meizuofficial,The ultra-lightweight Meizu EP51 earphones are your perfect fitness partner.,2016-05-15T04:59:08.000Z
na,78,image,3,https://www.instagram.com/p/BFalUn1N3f9/?taken-by=meizuofficial,The curved antenna lines of the Meizu PRO 6 reflect the simple and elegant beauty of geometry.,2016-05-15T04:59:36.000Z
na,47,image,0,https://www.instagram.com/p/BFhGhvTt3To/?taken-by=meizuofficial,It's about time to put music and art in harmony.,2016-05-17T17:45:11.000Z
na,51,image,0,https://www.instagram.com/p/BFhG3BLt3Ue/?taken-by=meizuofficial,hironao tsuboi introduces cantilever design to #speaker market with @MEIZU gravity https://t.co/oHZX7L9T1o,2016-05-17T17:48:06.000Z
na,88,image,6,https://www.instagram.com/p/BEP7tPet3an/?taken-by=meizuofficial,,2016-04-16T05:12:09.000Z
na,38,image,3,https://www.instagram.com/p/BEYQXhQt3Zy/?taken-by=meizuofficial,"8.2mm thin, Meizu M3 note",2016-04-19T10:46:37.000Z
na,38,image,1,https://www.instagram.com/p/BEYQi-YN3aP/?taken-by=meizuofficial,Picture captured on Meizu Pro 6,2016-04-19T10:48:11.000Z
na,36,image,3,https://www.instagram.com/p/BEYQlZIt3aQ/?taken-by=meizuofficial,,2016-04-19T10:48:31.000Z
na,57,image,4,https://www.instagram.com/p/BEg-hmtt3QZ/?taken-by=meizuofficial,,2016-04-22T20:03:52.000Z
na,44,image,0,https://www.instagram.com/p/BEg-qF0N3Qk/?taken-by=meizuofficial,3D Press on Meizu Pro 6,2016-04-22T20:05:02.000Z
na,45,image,0,https://www.instagram.com/p/BEg-vzGt3Qt/?taken-by=meizuofficial,ÔºÉeathday,2016-04-22T20:05:49.000Z
na,46,image,1,https://www.instagram.com/p/BEq00Cnt3U5/?taken-by=meizuofficial,This picture was captured by the Meizu PRO 6 in Venice!,2016-04-26T15:51:25.000Z
na,62,image,1,https://www.instagram.com/p/BEq0315t3VC/?taken-by=meizuofficial,"Gold, dark grey or silver. Which Meizu PRO 6 colour do you like the most?",2016-04-26T15:51:56.000Z
na,59,image,0,https://www.instagram.com/p/BEt4fGrt3RK/?taken-by=meizuofficial,The Meizu m3 note has a 13 megapixel camera with ∆í/2.2 aperture and 5-element lens.,2016-04-27T20:21:14.000Z
na,40,image,0,https://www.instagram.com/p/BE0R1hmN3aP/?taken-by=meizuofficial,"The Meizu HD50 headphone has a unique dual-chamber design, which ensures a deep and natural sound.",2016-04-30T07:58:11.000Z
na,63,image,4,https://www.instagram.com/p/BE0R44it3aX/?taken-by=meizuofficial,The laser focus module of the Meizu PRO 6 is surrounded by five pairs of dual-color temperature flashes.,2016-04-30T07:58:39.000Z
na,69,image,4,https://www.instagram.com/p/BD3sk1bt3cO/?taken-by=meizuofficial,,2016-04-06T19:18:10.000Z
na,65,image,1,https://www.instagram.com/p/BD3sp7zt3cc/?taken-by=meizuofficial,,2016-04-06T19:18:52.000Z
na,52,image,0,https://www.instagram.com/p/BD6R_oTN3Sz/?taken-by=meizuofficial,The Meizu m3 note is powered by the premium Mediatek Helio P10 octa-core processor.,2016-04-07T19:23:37.000Z
na,46,image,6,https://www.instagram.com/p/BD84RQPt3Tg/?taken-by=meizuofficial,Are you ready for Meizu Pro 6?,2016-04-08T19:36:33.000Z
na,55,image,1,https://www.instagram.com/p/BEEc3Dzt3We/?taken-by=meizuofficial,The Meizu EP51 bluetooth sport earphones.,2016-04-11T18:10:58.000Z
na,57,image,0,https://www.instagram.com/p/BEEdD-gt3XB/?taken-by=meizuofficial,,2016-04-11T18:12:44.000Z
na,42,image,2,https://www.instagram.com/p/BEJqj-St3SD/?taken-by=meizuofficial,,2016-04-13T18:46:54.000Z
na,47,image,1,https://www.instagram.com/p/BEJqoQpt3SL/?taken-by=meizuofficial,,2016-04-13T18:47:29.000Z
na,48,image,1,https://www.instagram.com/p/BEJqrlbN3SR/?taken-by=meizuofficial,,2016-04-13T18:47:56.000Z
na,55,image,0,https://www.instagram.com/p/BEJqw78t3Sc/?taken-by=meizuofficial,Meizu Pro 6,2016-04-13T18:48:40.000Z
na,69,image,1,https://www.instagram.com/p/BEJqzxXt3So/?taken-by=meizuofficial,Meizu Pro 6,2016-04-13T18:49:03.000Z
na,48,image,0,https://www.instagram.com/p/BEP7qgIN3aj/?taken-by=meizuofficial,,2016-04-16T05:11:47.000Z
na,56,image,2,https://www.instagram.com/p/BDZ1QXTt3R7/?taken-by=meizuofficial,All Meizu HD50 headphones come bundled with an airline headphone adapter and 6.5mm plug.,2016-03-26T04:56:48.000Z
na,28,image,0,https://www.instagram.com/p/BDd7RcYN3em/?taken-by=meizuofficial,One of our fans captured this beautiful road with the Meizu PRO 5!,2016-03-27T19:06:20.000Z
na,39,image,0,https://www.instagram.com/p/BDd7Uz5N3ey/?taken-by=meizuofficial,Real antenna lines have curves.,2016-03-27T19:06:48.000Z
na,26,image,0,https://www.instagram.com/p/BDh20-9N3UC/?taken-by=meizuofficial,Were you lucky enough to find any Easter eggs?,2016-03-29T07:44:27.000Z
na,47,image,2,https://www.instagram.com/p/BDkcBdeN3Qt/?taken-by=meizuofficial,The scopes of the Meizu PRO 5 Ubuntu Edition give you related content on one screen.,2016-03-30T07:47:57.000Z
na,32,image,0,https://www.instagram.com/p/BDqGRcat3V_/?taken-by=meizuofficial,Just one week left until our next product launch! Are you ready for our long-lasting beauty?,2016-04-01T12:33:20.000Z
na,23,image,0,https://www.instagram.com/p/BDqGUyZN3WJ/?taken-by=meizuofficial,Nothing is able to keep up with our long-lasting beauty.,2016-04-01T12:33:48.000Z
na,37,image,0,https://www.instagram.com/p/BDqGYp0N3WX/?taken-by=meizuofficial,Meet mBattery. The revolutionary new way to power the Meizu m3 note.,2016-04-01T12:34:19.000Z
na,35,image,0,https://www.instagram.com/p/BDxKd58t3cw/?taken-by=meizuofficial,"The display of the Meizu MX5 is only 1.3mm thin, the thinnest in the whole history of Meizu!",2016-04-04T06:24:41.000Z
na,44,image,0,https://www.instagram.com/p/BDxKkJ4N3c3/?taken-by=meizuofficial,These beautiful flowers were captured by the Meizu PRO 5!,2016-04-04T06:25:32.000Z
na,46,image,1,https://www.instagram.com/p/BDyji2Ot3Sa/?taken-by=meizuofficial,"To ensure maximum durability, we added a magnesium alloy support plate beneath the screen of the Meizu PRO 5.",2016-04-04T19:23:03.000Z
na,38,image,1,https://www.instagram.com/p/BD04zYON3WP/?taken-by=meizuofficial,Just one day left until our next product launch!,2016-04-05T17:07:17.000Z
na,37,image,0,https://www.instagram.com/p/BC3bSIBt3U0/?taken-by=meizuofficial,One of our fans captured this picture with the Meizu MX3!,2016-03-12T20:15:40.000Z
na,40,image,3,https://www.instagram.com/p/BC8nxSNN3e9/?taken-by=meizuofficial,"Foto captured by Meizu m2 note.
By @danarizer_",2016-03-14T20:40:59.000Z
na,24,image,0,https://www.instagram.com/p/BC8n2YpN3fI/?taken-by=meizuofficial,"The Meizu PRO 5 uses UFS 2.0 flash memory, which is 4 times faster than eMMC 5.0.",2016-03-14T20:41:41.000Z
na,40,image,0,https://www.instagram.com/p/BC8n6V6t3fN/?taken-by=meizuofficial,"This year's #PiDay is extra significant, because March 14, 2016 is the value of pi rounded to 4 decimal places.",2016-03-14T20:42:13.000Z
na,37,image,0,https://www.instagram.com/p/BC_Ae_XN3Yu/?taken-by=meizuofficial,One of our fans captured these amazing camels with the Meizu PRO 5!,2016-03-15T18:55:25.000Z
na,35,image,0,https://www.instagram.com/p/BDBsRJRt3V-/?taken-by=meizuofficial,The batteries of the Meizu Power Bank (M10) are provided by ATL and have a total capacity of 10000mAh.,2016-03-16T19:56:29.000Z
na,52,image,2,https://www.instagram.com/p/BDG1nzDN3SH/?taken-by=meizuofficial,"The Meizu MX5 and PRO 5 both use the mTouch fingerprint scanner, which is safe, convenient and fast.",2016-03-18T19:54:25.000Z
na,41,image,7,https://www.instagram.com/p/BDMD90At3aW/?taken-by=meizuofficial,Can you guess which Meizu phone this is?,2016-03-20T20:35:58.000Z
na,43,image,0,https://www.instagram.com/p/BDQpr3ct3d3/?taken-by=meizuofficial,A wild @TeslaMotors Model S appeared in the Meizu headquarters!,2016-03-22T15:22:32.000Z
na,38,image,0,https://www.instagram.com/p/BDQp2lzN3eR/?taken-by=meizuofficial,mCharge technology fills up your mCharge supported Meizu phone in no time!,2016-03-22T15:24:00.000Z
na,39,image,1,https://www.instagram.com/p/BDT4d0fN3YU/?taken-by=meizuofficial,Prepare yourself for our next product!,2016-03-23T21:29:24.000Z
na,40,image,3,https://www.instagram.com/p/BDWXTt6N3fG/?taken-by=meizuofficial,Are you fully charged for April 6?,2016-03-24T20:37:23.000Z
na,42,image,0,https://www.instagram.com/p/BCWEl1qN3RF/?taken-by=meizuofficial,Who do you think is going to win an Oscar at the 88th Academy Awards tonight?,2016-02-28T21:22:27.000Z
na,46,image,1,https://www.instagram.com/p/BCbHIMyN3V2/?taken-by=meizuofficial,"With dual-SIM support on the Meizu MX5, there's no need to carry two phones around anymore!",2016-03-01T20:20:49.000Z
na,47,image,0,https://www.instagram.com/p/BCbHL8bt3V4/?taken-by=meizuofficial,The Ubuntu scopes on the Meizu PRO 5 Ubuntu Edition free you from the traditional all app grid.,2016-03-01T20:21:19.000Z
na,42,image,0,https://www.instagram.com/p/BCdnHCXt3X8/?taken-by=meizuofficial,One of our fans captured this picture with the Meizu PRO 5!,2016-03-02T19:38:45.000Z
na,36,image,0,https://www.instagram.com/p/BCh7k8JN3Xk/?taken-by=meizuofficial,Which smart devices do you use around your house?,2016-03-04T11:54:34.000Z
na,53,image,1,https://www.instagram.com/p/BClio-Wt3TH/?taken-by=meizuofficial,It takes 30 days to perform all 68 steps needed to create the exquisite metal body of the Meizu MX5.,2016-03-05T21:33:37.000Z
na,55,image,2,https://www.instagram.com/p/BCpxLknN3e7/?taken-by=meizuofficial,Even the box of the Meizu PRO 5 follows Meizu‚Äôs high-end spirit.,2016-03-07T12:57:39.000Z
na,38,image,1,https://www.instagram.com/p/BCtFfkZt3eQ/?taken-by=meizuofficial,Can you guess which brand-new feature comes with the Meizu PRO 6?,2016-03-08T19:52:51.000Z
na,55,image,3,https://www.instagram.com/p/BCtFjhNt3eW/?taken-by=meizuofficial,"The Meizu m2 note comes in metallic grey, blue, pink and white!",2016-03-08T19:53:24.000Z
na,38,image,1,https://www.instagram.com/p/BCvqDj_t3R9/?taken-by=meizuofficial,"With the compass in Flyme 5, you will never get lost again.",2016-03-09T19:50:50.000Z
na,70,image,4,https://www.instagram.com/p/BCzjVHeN3Wo/?taken-by=meizuofficial,The Music scope of the Meizu PRO 5 Ubuntu Edition.,2016-03-11T08:09:01.000Z
na,47,image,1,https://www.instagram.com/p/BC3bOO9t3Uq/?taken-by=meizuofficial,The Meizu EP21-HD earphones have an impedance of 128 ohm.,2016-03-12T20:15:08.000Z
na,38,image,2,https://www.instagram.com/p/BBzrs-QN3fh/?taken-by=meizuofficial,More love is awaiting you at MWC 2016.,2016-02-15T12:50:47.000Z
na,38,image,1,https://www.instagram.com/p/BB0gOXNt3V8/?taken-by=meizuofficial,The Meizu m2 note is slim and colorful,2016-02-15T20:29:44.000Z
na,40,image,1,https://www.instagram.com/p/BB2m69Gt3TE/?taken-by=meizuofficial,"With the improved color tuning in the Meizu MX5 camera, you're one touch away from creating outstanding creations.",2016-02-16T16:06:44.000Z
na,41,image,0,https://www.instagram.com/p/BB66RRTt3Ql/?taken-by=meizuofficial,,2016-02-18T08:12:46.000Z
na,41,image,1,https://www.instagram.com/p/BB8JhL8t3YQ/?taken-by=meizuofficial,The Meizu HD50 is comfortable to wear and a joy to listen to.,2016-02-18T19:45:15.000Z
na,40,image,0,https://www.instagram.com/p/BB8Jmbxt3Ya/?taken-by=meizuofficial,The smartphone has replaced many devices already.,2016-02-18T19:45:58.000Z
na,48,image,3,https://www.instagram.com/p/BCAIicKt3Xp/?taken-by=meizuofficial,Just 3 days left until MWC 2016 kicks off. Are you ready for the Meizu PRO 5 Ubuntu Edition?,2016-02-20T08:53:38.000Z
na,46,image,0,https://www.instagram.com/p/BCDu4AaN3TH/?taken-by=meizuofficial,Less than 1 day left until the official reveal of the Meizu PRO 5 Ubuntu Edition on MWC 2016.,2016-02-21T18:26:21.000Z
na,28,image,4,https://www.instagram.com/p/BCKvGF-t3az/?taken-by=meizuofficial,Got questions about the updating of Flyme 5? Check https://t.co/kGFuu3XAWE,2016-02-24T11:42:58.000Z
na,46,image,0,https://www.instagram.com/p/BCMuBr3t3bH/?taken-by=meizuofficial,One of our fans captured this picture with the Meizu PRO 5!,2016-02-25T06:12:06.000Z
na,36,image,0,https://www.instagram.com/p/BCOSK_3N3QU/?taken-by=meizuofficial,The NearBy scope of the Meizu PRO 5 Ubuntu Edition is your personal travel guide,2016-02-25T20:47:11.000Z
na,46,image,1,https://www.instagram.com/p/BCWEhn-t3Q8/?taken-by=meizuofficial,We have completely redesigned our earphone packaging material for the Meizu EP-31.,2016-02-28T21:21:52.000Z
na,39,image,2,https://www.instagram.com/p/BBP-Lh7N3Ti/?taken-by=meizuofficial,Meizu EP-31 is made using exactly the same metal cutting and surface treatment processes as the Meizu PRO 5.,2016-02-01T15:59:35.000Z
na,31,image,8,https://www.instagram.com/p/BBP-azmN3T9/?taken-by=meizuofficial,"What are you waiting for?
#Countdown #FlymeOS",2016-02-01T16:01:40.000Z
na,39,image,0,https://www.instagram.com/p/BBTC7P5t3QP/?taken-by=meizuofficial,"The metal body of the Meizu MX5 is processed using CNC machinery, to ensure an outstanding level of craftsmanship!",2016-02-02T20:38:46.000Z
na,44,image,1,https://www.instagram.com/p/BBVMbmQt3fK/?taken-by=meizuofficial,mCharge technology charges your mCharge supported Meizu phone up to 25% in less than 10 minutes!,2016-02-03T16:40:19.000Z
na,39,image,1,https://www.instagram.com/p/BBc6KvbN3c-/?taken-by=meizuofficial,Flyme 5 integrates a full range of new features to meet the demands of every user.,2016-02-06T16:34:39.000Z
na,62,image,4,https://www.instagram.com/p/BBh14AWN3dx/?taken-by=meizuofficial,The Meizu m2 note comes with a 3100mAh high-capacity Sony/ATL battery.,2016-02-08T14:33:21.000Z
na,25,image,0,https://www.instagram.com/p/BBicTImN3d2/?taken-by=meizuofficial,One of our fans captured this picture with the Meizu MX5!,2016-02-08T20:09:06.000Z
na,36,image,2,https://www.instagram.com/p/BBlHrKLN3dZ/?taken-by=meizuofficial,The Meizu Power Bank is only 17.4mm thin and weighs just 235g!,2016-02-09T21:06:36.000Z
na,49,image,0,https://www.instagram.com/p/BBs4J8-t3YV/?taken-by=meizuofficial,Which unibody material do you like the most?,2016-02-12T21:24:55.000Z
na,45,image,5,https://www.instagram.com/p/BBs4NtdN3Yi/?taken-by=meizuofficial,Which unibody material do you like the most?,2016-02-12T21:25:26.000Z
na,49,image,1,https://www.instagram.com/p/BBzrbBVt3fH/?taken-by=meizuofficial,The elegant side edge of the Meizu PRO 5 perfectly connects with the curved surface edge of its 2.5D glass.,2016-02-15T12:48:20.000Z
na,33,image,1,https://www.instagram.com/p/BBzrjM6t3fU/?taken-by=meizuofficial,A very happy Valentine's Day to you and your loved one!,2016-02-15T12:49:27.000Z
na,55,image,4,https://www.instagram.com/p/BA0Q-WAN3ZN/?taken-by=meizuofficial,The limited edition Meizu HD50 in red colour!,2016-01-21T21:45:04.000Z
na,23,image,1,https://www.instagram.com/p/BA0RFi2N3ZY/?taken-by=meizuofficial,"In line with the capsule-shaped Home key, we changed our icon shape in Flyme 5.",2016-01-21T21:46:03.000Z
na,45,image,1,https://www.instagram.com/p/BA23-2Jt3Qi/?taken-by=meizuofficial,The 13 megapixel Samsung camera of the Meizu m2 makes it the best in its class!,2016-01-22T22:04:25.000Z
na,37,image,2,https://www.instagram.com/p/BA-dVdXt3a8/?taken-by=meizuofficial,The Meizu M8 comes with a powerful Samsung processor and stereo speakers!,2016-01-25T20:45:30.000Z
na,34,image,0,https://www.instagram.com/p/BBA-Gclt3TS/?taken-by=meizuofficial,The Meizu M9 comes with a removable battery and MicroSD card slot!,2016-01-26T20:10:17.000Z
na,22,image,0,https://www.instagram.com/p/BBA-R3et3Tw/?taken-by=meizuofficial,Flyme wallpaper episodes! View the Panda Warrior's legend and get daily featured wallpaper! https://t.co/i9rF1sEGug,2016-01-26T20:11:51.000Z
na,56,image,1,https://www.instagram.com/p/BBFYdPGN3ce/?taken-by=meizuofficial,The Meizu MX is only 10.3mm thin and weighs just 139g!,2016-01-28T13:17:33.000Z
na,34,image,6,https://www.instagram.com/p/BBFY15-t3dG/?taken-by=meizuofficial,"We all do Multitasking in our lives!
Why wont your phones also do Multitasking?
#Android #Flyme #Meizu",2016-01-28T13:20:55.000Z
na,31,image,0,https://www.instagram.com/p/BBHEUW8t3dh/?taken-by=meizuofficial,The two-way mCharge charging function fills up the 10000mAh Meizu Power Bank (M10) in just 3.5 hours.,2016-01-29T05:00:03.000Z
na,38,image,0,https://www.instagram.com/p/BBKxEkmN3en/?taken-by=meizuofficial,One of our fans captured this picture with the Meizu MX4 Pro!,2016-01-30T15:28:50.000Z
na,59,image,1,https://www.instagram.com/p/BBKxI9yt3e0/?taken-by=meizuofficial,What's your favourite feature back cover material?,2016-01-30T15:29:26.000Z
na,40,image,4,https://www.instagram.com/p/BBP-GyWN3Tc/?taken-by=meizuofficial,The Flyme 5 Security app fully optimizes your phone in just one click!,2016-02-01T15:58:56.000Z
na,50,image,3,https://www.instagram.com/p/BASsGGpN3XI/?taken-by=meizuofficial,The first SIM-slot of the Meizu m2 note can also be used as a microSD card slot!,2016-01-08T20:47:53.000Z
na,50,image,3,https://www.instagram.com/p/BASswM8N3YH/?taken-by=meizuofficial,"Flyme knows your music! Learn how to adjust the equalizer:
 http://bit.ly/ForumTutorial1",2016-01-08T20:53:38.000Z
na,28,image,0,https://www.instagram.com/p/BAaWagst3Up/?taken-by=meizuofficial,Our fan Michael captured this wonderful seashore with the Meizu m2 note!,2016-01-11T20:12:21.000Z
na,44,image,1,https://www.instagram.com/p/BAaWg_Vt3U2/?taken-by=meizuofficial,The Meizu MX5 has a silicone gel pad between the fingerprint scanner and screen.,2016-01-11T20:13:14.000Z
na,35,image,3,https://www.instagram.com/p/BAaWnu4N3VE/?taken-by=meizuofficial,Flyme OS 5.1.2.0G for PRO 5 is available now! Download it here: http://bit.ly/Flyme5120PRO5,2016-01-11T20:14:10.000Z
na,46,image,2,https://www.instagram.com/p/BAfS8FLN3dy/?taken-by=meizuofficial,The Meizu m2 note uses GFF full lamination technology!,2016-01-13T18:18:11.000Z
na,65,image,2,https://www.instagram.com/p/BAfTKj6N3eP/?taken-by=meizuofficial,"Guess which mystery phone snagged both daytime photos with over 50% of the votes. 
http://bit.ly/BlindShootout
Foto by @martacantarella",2016-01-13T18:20:10.000Z
na,40,image,0,https://www.instagram.com/p/BAnWCkmt3ap/?taken-by=meizuofficial,Amazing phones make amazing travel companions!,2016-01-16T21:19:13.000Z
na,54,image,6,https://www.instagram.com/p/BAnWfHxt3bo/?taken-by=meizuofficial,"Mellow, smooth and friendly --- the new design of Flyme 5. #AllaboutFlyme5",2016-01-16T21:23:07.000Z
na,55,image,2,https://www.instagram.com/p/BArwUzxt3XP/?taken-by=meizuofficial,The second generation NXP Smart PA chip brings extremely clear and crisp sound to the speaker of your Meizu PRO 5.,2016-01-18T14:25:52.000Z
na,49,image,0,https://www.instagram.com/p/BAskfTZN3bf/?taken-by=meizuofficial,Our fan Matthew captured this amazing shot with the Meizu m2 note! ,2016-01-18T22:01:40.000Z
na,59,image,5,https://www.instagram.com/p/BAvD5ArN3bL/?taken-by=meizuofficial,Meizu PRO 5 - the pursuit of the ultimate and perfection.,2016-01-19T21:14:33.000Z
na,41,image,3,https://www.instagram.com/p/_unLjjt3Wh/?taken-by=meizuofficial,Download Flyme OS 4.5.4.2I for the Meizu m2 note now! http://bit.ly/FlymeOS4542I,2015-12-25T20:32:17.000Z
na,27,image,1,https://www.instagram.com/p/_2OqXOt3cY/?taken-by=meizuofficial,Albert Javier is the winner of a Meizu PRO 5 with HD50 headphones for taking this amazing photo with his Meizu MX3!,2015-12-28T19:31:57.000Z
na,35,image,1,https://www.instagram.com/p/_2O9hTt3c6/?taken-by=meizuofficial,"Check out @mobilegeekscom's review of the Meizu PRO 5: 
http://bit.ly/MeizuPRO5MG",2015-12-28T19:34:34.000Z
na,36,image,0,https://www.instagram.com/p/_46VF7N3WF/?taken-by=meizuofficial,One of our fans captured this amazing landscape with the Meizu MX4 Pro!,2015-12-29T20:32:01.000Z
na,17,image,1,https://www.instagram.com/p/_46h20N3Wg/?taken-by=meizuofficial,Share forum link to get medals! The post with the most retweets will get a Flyme wax seal! http://bit.ly/SNSmedals,2015-12-29T20:33:45.000Z
na,34,image,0,https://www.instagram.com/p/BAIKhpYN3bE/?taken-by=meizuofficial,2016 is knocking on our door! What's your New Year's wish?,2016-01-04T18:42:09.000Z
na,79,image,10,https://www.instagram.com/p/BAIKqZQN3bQ/?taken-by=meizuofficial,4 generations of Meizu phones. Which one is your favourite?,2016-01-04T18:43:20.000Z
na,42,image,0,https://www.instagram.com/p/BAIKx-It3bj/?taken-by=meizuofficial,The Meizu OTG Flash Drive adds 32GB of additional storage to any Android device!,2016-01-04T18:44:22.000Z
na,38,image,1,https://www.instagram.com/p/BAIK4YBN3b0/?taken-by=meizuofficial,The all-metal body of the Meizu MX5 is the result of two years of extensive research and development.,2016-01-04T18:45:15.000Z
na,33,image,0,https://www.instagram.com/p/BAK3t4Ft3ZV/?taken-by=meizuofficial,"Fill out the form and tell us how we can make our phones even better! 
http://bit.ly/ImproveMeizu",2016-01-05T19:55:31.000Z
na,30,image,9,https://www.instagram.com/p/BAOqUixN3UD/?taken-by=meizuofficial,"Flyme 5 for MX5 is finally here! Download it here: 
http://bit.ly/Flyme5120",2016-01-07T07:15:25.000Z
na,33,image,0,https://www.instagram.com/p/BAQAO9CN3W9/?taken-by=meizuofficial,One user used Flyme Painter app and created this amazing painting on his MX5.,2016-01-07T19:46:08.000Z
na,36,image,4,https://www.instagram.com/p/_YtZ2hN3Sm/?taken-by=meizuofficial,Join the Flyme Beta Team now! http://bit.ly/FlymeRecruit,2015-12-17T08:23:22.000Z
na,43,image,1,https://www.instagram.com/p/_bPZx7N3eN/?taken-by=meizuofficial,"Check out @AndroidAuth's review of the Meizu PRO 5! 
http://bit.ly/MeizuPRO5AA",2015-12-18T07:58:56.000Z
na,22,image,2,https://www.instagram.com/p/_bPkIHN3ed/?taken-by=meizuofficial,"Flyme Beta Team Global is recruiting! Requirements:
forum.flymeos.com/forum.php?mod=viewthread&tid=181",2015-12-18T08:00:21.000Z
na,50,image,1,https://www.instagram.com/p/_i3NjjN3UV/?taken-by=meizuofficial,Great design is beyond expression.,2015-12-21T07:01:29.000Z
na,41,image,1,https://www.instagram.com/p/_i3SLet3Uc/?taken-by=meizuofficial,Every Meizu Power Bank goes through 88 quality control processes and has 11 security measures built-in.,2015-12-21T07:02:06.000Z
na,48,image,2,https://www.instagram.com/p/_kTVQMN3Vz/?taken-by=meizuofficial,"One of our fans captured this amazing view with his Meizu PRO 5!
#meizuphoto #meizupro5",2015-12-21T20:26:26.000Z
na,41,image,2,https://www.instagram.com/p/_mrW6RN3bP/?taken-by=meizuofficial,Protect your Meizu phone against viruses with the new Anti-Virus function of Flyme 5!,2015-12-22T18:34:52.000Z
na,24,image,1,https://www.instagram.com/p/_mrhtUt3bp/?taken-by=meizuofficial,"Having problems in updating your firmware? Check 
http://bit.ly/UpdateThread",2015-12-22T18:36:20.000Z
na,51,image,0,https://www.instagram.com/p/_phtzPN3QK/?taken-by=meizuofficial,"Foto captured on Meizu Mx4
#meizuphoto #meizumx4",2015-12-23T21:08:19.000Z
na,63,image,0,https://www.instagram.com/p/_ph4QXt3Qn/?taken-by=meizuofficial,"Foto captured on Meizu Pro 5
#meizuphoto #meizupro5",2015-12-23T21:09:45.000Z
na,39,image,0,https://www.instagram.com/p/_rys7SN3QW/?taken-by=meizuofficial,Capture a photo of your christmas dinner through the lens of your Meizu device. Santa will award the best one!,2015-12-24T18:15:14.000Z
na,25,image,0,https://www.instagram.com/p/_ry1QAt3Qp/?taken-by=meizuofficial,"Share your picture of Christmas tree with us and win a gift pack! Check 
http://bit.ly/FlymeXmas",2015-12-24T18:16:22.000Z
na,31,image,0,https://www.instagram.com/p/_GvyZKt3a6/?taken-by=meizuofficial,"Let's go back in time and find out what made the Meizu M6 a great MP4 player! 
http://youtu.be/qJOjVUMvJpY",2015-12-10T08:57:52.000Z
na,62,image,7,https://www.instagram.com/p/_GwSfmN3bm/?taken-by=meizuofficial,"Someone misses for non-standard display 15:9?
Or may round button?
Write comments!",2015-12-10T09:02:15.000Z
na,53,image,1,https://www.instagram.com/p/_GywjvN3d2/?taken-by=meizuofficial,"Amazing! Foto captured on Meizu MX 4
Foto by @potap_gram
#meizu #meizumx4 #meizuphoto",2015-12-10T09:23:50.000Z
na,57,image,0,https://www.instagram.com/p/_JM4KRN3cV/?taken-by=meizuofficial,The mBack button of the Meizu m2 note is reinforced by a CNC processed metallic ring.,2015-12-11T07:50:32.000Z
na,47,image,1,https://www.instagram.com/p/_JuWQGN3ao/?taken-by=meizuofficial,"Beatiful sunset captured on Meizu MX 5
Foto by @benraulmaizel
#meizumx5 #meizuphoto",2015-12-11T12:43:00.000Z
na,35,image,2,https://www.instagram.com/p/_MRIwHt3YY/?taken-by=meizuofficial,Like headphones Meizu HD50?,2015-12-12T12:25:29.000Z
na,55,image,2,https://www.instagram.com/p/_MRWU8t3Ys/?taken-by=meizuofficial,"Join our latest giveaway for a chance to win a Meizu PRO 5 with HD50 headphones!
http://bit.ly/PRO5giveaway 
#meizu #pro5 #hd50",2015-12-12T12:27:20.000Z
na,45,image,4,https://www.instagram.com/p/_Q91Mct3cJ/?taken-by=meizuofficial,"Foto captured on Meizu MX4
#meizumx4 #meizuphoto",2015-12-14T08:12:59.000Z
na,65,image,4,https://www.instagram.com/p/_Q98Tft3cT/?taken-by=meizuofficial,"The Meizu m2 allows for perfect one-handed usability! 
#meizu #meizum2",2015-12-14T08:13:58.000Z
na,35,image,7,https://www.instagram.com/p/_ThF_JN3UX/?taken-by=meizuofficial,"Congratulations Gero Lins, you're the winner of our contest!",2015-12-15T07:59:36.000Z
na,47,image,2,https://www.instagram.com/p/_WGSELN3dL/?taken-by=meizuofficial,"The batteries of the Meizu Power Bank (M10) are provided by ATL, making it 20% lighter.",2015-12-16T08:03:02.000Z
na,34,image,0,https://www.instagram.com/p/_WGpsjN3dm/?taken-by=meizuofficial,"Flyme forum is here! For latest firmware, Flyme skills, Flyme Fans activities, check 
http://bit.ly/FlymeForum",2015-12-16T08:06:16.000Z
na,27,image,0,https://www.instagram.com/p/-viNbAN3WG/?taken-by=meizuofficial,"Meizu HD50
#meizu #hd50",2015-12-01T08:36:41.000Z
na,16,image,0,https://www.instagram.com/p/-yDIF7N3Tp/?taken-by=meizuofficial,"""Heroes come and go, but legends are forever"" 
@kobebryant #KB20",2015-12-02T08:02:48.000Z
na,50,image,5,https://www.instagram.com/p/-0qjptt3UT/?taken-by=meizuofficial,"Check out @mobilegeekscom video review of the Meizu m2 note! 
youtu.be/N-YTnuDC6-k
#meizu #m2note",2015-12-03T08:25:50.000Z
na,28,image,1,https://www.instagram.com/p/-3I1wNN3dt/?taken-by=meizuofficial,The Meizu HD50 has an ultra-low distortion rate of less than 0.5%. #meizu #hd50,2015-12-04T07:28:56.000Z
na,21,image,2,https://www.instagram.com/p/-7KEFNt3Rn/?taken-by=meizuofficial,Download Flyme OS 4.5.4.2I for the Meizu PRO 5 now! http://bit.ly/Flyme4542I,2015-12-05T20:56:35.000Z
na,39,image,2,https://www.instagram.com/p/-7KKrat3R1/?taken-by=meizuofficial,"One of our fans captured this amazing landscape with his Meizu PRO 5! 
#meizu #meizuphoto @pro5",2015-12-05T20:57:29.000Z
na,36,image,0,https://www.instagram.com/p/-9oh6Jt3al/?taken-by=meizuofficial,The Meizu PRO 5 - perfected into every detail.,2015-12-06T20:01:17.000Z
na,36,image,0,https://www.instagram.com/p/--_x75N3SG/?taken-by=meizuofficial,"Foto captured by Meizu mx4
@sashagordienko
#meizumx4 #meizuphoto",2015-12-07T08:43:41.000Z
na,43,image,0,https://www.instagram.com/p/-_voiSt3Qk/?taken-by=meizuofficial,"Foto captured on Meizu M2 Note
Foto by @kenzhikharisma
#meizuphoto #meizum2note #m2note",2015-12-07T15:41:50.000Z
na,33,image,2,https://www.instagram.com/p/_BbUBNN3YD/?taken-by=meizuofficial,The Meizu EP-31 earphones have a unique 3-element design.,2015-12-08T07:22:45.000Z
na,45,image,9,https://www.instagram.com/p/_BbkeCt3Yb/?taken-by=meizuofficial,"Excited about Flyme 5's coming? Check out new version names to know what's Flyme A, G and IN!
More: Twitter @FlymeGlobal
#meizu #flyme5",2015-12-08T07:25:00.000Z
na,55,image,4,https://www.instagram.com/p/_ECJIxt3bs/?taken-by=meizuofficial,"The Meizu PRO 5 - redefining your lifestyle. 
#meizu #pro5",2015-12-09T07:40:32.000Z
na,19,image,0,https://www.instagram.com/p/-cRhkbt3UO/?taken-by=meizuofficial,"The home button of the Meizu PRO 5 uses @panasonic‚Äã technology to ensure maximum durability.
#meizu #pro5",2015-11-23T21:05:19.000Z
na,18,image,1,https://www.instagram.com/p/-ekZIwN3V0/?taken-by=meizuofficial,"Order your Meizu MX5 from @AmazonUK now! http://bit.ly/MX5Amazon
#meizu #mx5",2015-11-24T18:28:41.000Z
na,30,image,0,https://www.instagram.com/p/-hcgJnN3Q3/?taken-by=meizuofficial,"The 64-bit octa-core SoC in the Meizu m2 note can use all cores simultaneously and intelligently allocates resources according to demand.
#meizu #m2note",2015-11-25T21:17:27.000Z
na,20,image,0,https://www.instagram.com/p/-jw68KN3R1/?taken-by=meizuofficial,"How well does the Meizu MX5 perform while playing games? Find it out in LaptopMedia's Meizu MX5 gaming test!
@LaptopMedia Helio X10 is amazing.
#meizu #mx5",2015-11-26T18:54:21.000Z
na,13,image,0,https://www.instagram.com/p/-mjkxit3Xo/?taken-by=meizuofficial,"The Meizu HD50 headphone is crafted using a high-precision powder metallurgy manufacturing process.
#meizu #hd50",2015-11-27T20:55:27.000Z
na,24,image,1,https://www.instagram.com/p/-s2temt3Tc/?taken-by=meizuofficial,"The brand-new Flyme 5 Toolbox app brings you 6 different tools within one touch.
#meizu #flyme5",2015-11-30T07:38:06.000Z
na,16,image,1,https://www.instagram.com/p/-s2941t3Tq/?taken-by=meizuofficial,"One of our fans captured this picture with the Meizu MX5!
#meizu #mx5",2015-11-30T07:40:21.000Z
na,20,image,2,https://www.instagram.com/p/-vgzZet3Ui/?taken-by=meizuofficial,"Tired of carrying two phones around? With the dual-SIM support of the Meizu PRO 5, you're available at any time!
#meizu #pro5",2015-12-01T08:24:24.000Z
na,20,image,0,https://www.instagram.com/p/-vg59tt3Up/?taken-by=meizuofficial,A 1969 Chevrolet Corvette captured by the #MeizuMX5,2015-12-01T08:25:18.000Z
na,30,image,2,https://www.instagram.com/p/-vhxa_N3Vn/?taken-by=meizuofficial,"Meizu HD50
#meizu #hd50 #pro5",2015-12-01T08:32:52.000Z
na,14,image,0,https://www.instagram.com/p/-viEMhN3V7/?taken-by=meizuofficial,"Meizu HD50
#meizu #hd50",2015-12-01T08:35:26.000Z
na,31,image,6,https://www.instagram.com/p/-viJaJt3V_/?taken-by=meizuofficial,"Meizu HD50
#meizu #hd50",2015-12-01T08:36:09.000Z
na,34,image,9,https://www.instagram.com/p/-TgikGt3at/?taken-by=meizuofficial,The screen of the m2 note uses IGZO display technology to ensure consistent performance and low power consumption.,2015-11-20T11:23:22.000Z
na,25,image,0,https://www.instagram.com/p/-TgwmXN3a_/?taken-by=meizuofficial,"This beautiful photo in Beersheba was taken with the Meizu MX5!
#meizu
#mx5",2015-11-20T11:25:17.000Z
na,57,image,1,https://www.instagram.com/p/-ToPSKN3XH/?taken-by=meizuofficial,"Meizu pro 5 on mobiltelefon.ru
#meizu #iphone #pro5",2015-11-20T12:30:38.000Z
na,8,image,0,https://www.instagram.com/p/-T7YO_N3bL/?taken-by=meizuofficial,We spoke to @Meizu on why #Exynos7Octa is used in the PRO5. Read more here: http://bit.ly/1Pj59wX,2015-11-20T15:17:53.000Z
na,21,image,0,https://www.instagram.com/p/-T7hZOt3bf/?taken-by=meizuofficial,"The highest degree of understanding of metal craft is embodied in the changes and upgrades of the Meizu PRO 5.
#meizu #pro5",2015-11-20T15:19:08.000Z
na,25,image,0,https://www.instagram.com/p/-XGLMft3bj/?taken-by=meizuofficial,"The Meizu HD50 headphone has a unique dual-chamber design, which ensures a deep and natural sound.
#meizu #hd50",2015-11-21T20:49:57.000Z
na,12,image,0,https://www.instagram.com/p/-ZLvzzt3dn/?taken-by=meizuofficial,Will your next phone use a USB Type-C or Micro-USB cable?,2015-11-22T16:17:07.000Z
